id,ident,type,name,latitude_deg,longitude_deg,elevation_ft,continent,country_name,iso_country,region_name,iso_region,local_region,municipality,scheduled_service,gps_code,icao_code,iata_code,local_code,home_link,wikipedia_link,keywords,score,last_updated
2434,EGLL,large_airport,"London Heathrow Airport",51.4706,-0.461941,83,EU,"United Kingdom",GB,England,GB-ENG,ENG,London,1,EGLL,EGLL,LHR,,http://www.heathrowairport.com/,https://en.wikipedia.org/wiki/Heathrow_Airport,"LON, Londres",1251675,2022-10-18T18:48:50+00:00
3632,KLAX,large_airport,"Los Angeles International Airport",33.942501,-118.407997,125,NA,"United States",US,California,US-CA,CA,"Los Angeles",1,KLAX,KLAX,LAX,LAX,https://www.flylax.com/,https://en.wikipedia.org/wiki/Los_Angeles_International_Airport,"Tom Bradley",1335475,2024-04-02T16:36:13+00:00
3754,KORD,large_airport,"Chicago O'Hare International Airport",41.9786,-87.9048,680,NA,"United States",US,Illinois,US-IL,IL,Chicago,1,KORD,KORD,ORD,ORD,https://www.flychicago.com/ohare/home/pages/default.aspx,https://en.wikipedia.org/wiki/O'Hare_International_Airport,"CHI, Orchard Place",1503175,2024-03-09T23:28:49+00:00
3622,KJFK,large_airport,"John F Kennedy International Airport",40.639447,-73.779317,13,NA,"United States",US,"New York",US-NY,NY,"New York",1,KJFK,KJFK,JFK,JFK,https://www.jfkairport.com/,https://en.wikipedia.org/wiki/John_F._Kennedy_International_Airport,"Manhattan, New York City, NYC, Idlewild, IDL, KIDL",1052075,2022-10-18T18:49:55+00:00
3384,KATL,large_airport,"Hartsfield Jackson Atlanta International Airport",33.6367,-84.428101,1026,NA,"United States",US,Georgia,US-GA,GA,Atlanta,1,KATL,KATL,ATL,ATL,http://www.atlanta-airport.com/,https://en.wikipedia.org/wiki/Hartsfield–Jackson_Atlanta_International_Airport,,2002475,2024-04-02T16:26:01+00:00
4185,LFPG,large_airport,"Charles de Gaulle International Airport",49.012798,2.55,392,EU,France,FR,Île-de-France,FR-IDF,IDF,"Paris (Roissy-en-France, Val-d'Oise)",1,LFPG,LFPG,CDG,,http://www.aeroportsdeparis.fr/,https://en.wikipedia.org/wiki/Charles_de_Gaulle_Airport,"PAR, Aéroport Roissy-Charles de Gaulle, Roissy Airport",1127475,2024-06-22T13:11:28+00:00
3878,KSFO,large_airport,"San Francisco International Airport",37.619806,-122.374821,13,NA,"United States",US,California,US-CA,CA,"San Francisco",1,KSFO,KSFO,SFO,SFO,http://www.flysfo.com/,https://en.wikipedia.org/wiki/San_Francisco_International_Airport,"QSF, QBA",1112475,2024-04-02T16:43:50+00:00
2513,EHAM,large_airport,"Amsterdam Airport Schiphol",52.308601,4.76389,-11,EU,Netherlands,NL,Noord-Holland,NL-NH,NH,Amsterdam,1,EHAM,EHAM,AMS,,https://www.schiphol.nl/,https://en.wikipedia.org/wiki/Amsterdam_Airport_Schiphol,,1093275,2024-02-22T13:32:56+00:00
2212,EDDF,large_airport,"Frankfurt Airport",50.030241,8.561096,364,EU,Germany,DE,Hesse,DE-HE,HE,"Frankfurt am Main",1,EDDF,EDDF,FRA,,https://www.frankfurt-airport.de/,https://en.wikipedia.org/wiki/Frankfurt_Airport,"EDAF, Frankfurt am Main, Frankfurt Main, Rhein-Main Air Base, Zeppelinheim",1144675,2024-04-02T16:06:40+00:00
3521,KEWR,large_airport,"Newark Liberty International Airport",40.692501,-74.168701,18,NA,"United States",US,"New Jersey",US-NJ,NJ,Newark,1,KEWR,KEWR,EWR,EWR,http://www.panynj.gov/CommutingTravel/airports/html/newarkliberty.html,https://en.wikipedia.org/wiki/Newark_Liberty_International_Airport,"Manhattan, New York City, NYC",1064475,2022-09-17T20:28:21+00:00
3488,KDFW,large_airport,"Dallas Fort Worth International Airport",32.896801,-97.038002,607,NA,"United States",US,Texas,US-TX,TX,"Dallas-Fort Worth",1,KDFW,KDFW,DFW,DFW,https://www.dfwairport.com/,https://en.wikipedia.org/wiki/Dallas/Fort_Worth_International_Airport,QDF,1203175,2018-09-19T14:53:02+00:00
3631,KLAS,large_airport,"Harry Reid International Airport",36.083361,-115.151817,2181,NA,"United States",US,Nevada,US-NV,NV,"Las Vegas",1,KLAS,KLAS,LAS,LAS,https://www.harryreidairport.com/,https://en.wikipedia.org/wiki/Harry_Reid_International_Airport,"McCarran International Airport",1068475,2022-10-18T19:05:10+00:00
3670,KMCO,large_airport,"Orlando International Airport",28.429399490356445,-81.30899810791016,96,NA,"United States",US,Florida,US-FL,FL,Orlando,1,KMCO,KMCO,MCO,MCO,http://www.orlandoairports.net/,https://en.wikipedia.org/wiki/Orlando_International_Airport,"Disney World,Epcot Center",1044075,2008-06-13T14:30:04+00:00
3486,KDEN,large_airport,"Denver International Airport",39.861698150635,-104.672996521,5431,NA,"United States",US,Colorado,US-CO,CO,Denver,1,KDEN,KDEN,DEN,DEN,http://www.flydenver.com/,https://en.wikipedia.org/wiki/Denver_International_Airport,"DVX, KVDX",1103275,2015-11-13T09:28:42+00:00
3602,KIAD,large_airport,"Washington Dulles International Airport",38.9445,-77.455803,312,NA,"United States",US,Virginia,US-VA,VA,Dulles,1,KIAD,KIAD,IAD,IAD,http://www.mwaa.com/dulles/,https://en.wikipedia.org/wiki/Washington_Dulles_International_Airport,WAS,1023875,2022-11-02T15:47:54+00:00
3643,KLGA,large_airport,"LaGuardia Airport",40.777199,-73.872597,21,NA,"United States",US,"New York",US-NY,NY,"New York",1,KLGA,KLGA,LGA,LGA,https://www.laguardiaairport.com/,https://en.wikipedia.org/wiki/LaGuardia_Airport,"Manhattan, New York City, NYC, Glenn H. Curtiss Airport, North Beach Airport, La Guardia",1030575,2024-08-22T20:42:40+00:00
3685,KMIA,large_airport,"Miami International Airport",25.79319953918457,-80.29060363769531,8,NA,"United States",US,Florida,US-FL,FL,Miami,1,KMIA,KMIA,MIA,MIA,http://www.miami-airport.com/,https://en.wikipedia.org/wiki/Miami_International_Airport,"MFW, South Florida",1073075,2008-06-13T14:30:04+00:00
3875,KSEA,large_airport,"Seattle–Tacoma International Airport",47.447943,-122.310276,433,NA,"United States",US,Washington,US-WA,WA,Seattle,1,KSEA,KSEA,SEA,SEA,https://www.portseattle.org/sea-tac,https://en.wikipedia.org/wiki/Seattle%E2%80%93Tacoma_International_Airport,,1000,2024-04-29T19:04:40+00:00
3772,KPHX,large_airport,"Phoenix Sky Harbor International Airport",33.435302,-112.005905,1135,NA,"United States",US,Arizona,US-AZ,AZ,Phoenix,1,KPHX,KPHX,PHX,PHX,http://phoenix.gov/skyharborairport/,https://en.wikipedia.org/wiki/Phoenix_Sky_Harbor_International_Airport,,1060875,2021-07-22T18:14:49+00:00
3422,KBOS,large_airport,"Logan International Airport",42.36197,-71.0079,20,NA,"United States",US,Massachusetts,US-MA,MA,Boston,1,KBOS,KBOS,BOS,BOS,http://www.massport.com/logan/,https://en.wikipedia.org/wiki/Logan_International_Airport,"General Edward Lawrence Logan International Airport",1035875,2024-04-02T16:27:02+00:00
3771,KPHL,large_airport,"Philadelphia International Airport",39.871899,-75.241096,36,NA,"United States",US,Pennsylvania,US-PA,PA,Philadelphia,1,KPHL,KPHL,PHL,PHL,http://www.phl.org/,https://en.wikipedia.org/wiki/Philadelphia_International_Airport,,1031075,2024-04-02T16:39:06+00:00
3457,KCLT,large_airport,"Charlotte Douglas International Airport",35.2140007019043,-80.94309997558594,748,NA,"United States",US,"North Carolina",US-NC,NC,Charlotte,1,KCLT,KCLT,CLT,CLT,http://www.charlotteairport.com/,https://en.wikipedia.org/wiki/Charlotte/Douglas_International_Airport,,1028075,2009-01-30T14:52:52+00:00
2429,EGKK,large_airport,"London Gatwick Airport",51.148771,-0.192089,202,EU,"United Kingdom",GB,England,GB-ENG,ENG,London,1,EGKK,EGKK,LGW,,http://www.gatwickairport.com/,https://en.wikipedia.org/wiki/Gatwick_Airport,"LON, Crawley, Charlwood",1049275,2025-02-27T12:47:43+00:00
3604,KIAH,large_airport,"George Bush Intercontinental Houston Airport",29.984399795532227,-95.34140014648438,97,NA,"United States",US,Texas,US-TX,TX,Houston,1,KIAH,KIAH,IAH,IAH,http://www.fly2houston.com/iah,https://en.wikipedia.org/wiki/George_Bush_Intercontinental_Airport,QHO,1055675,2008-06-13T14:30:04+00:00
3483,KDCA,large_airport,"Ronald Reagan Washington National Airport",38.8521,-77.037697,15,NA,"United States",US,"District of Columbia",US-DC,DC,Washington,1,KDCA,KDCA,DCA,DCA,http://www.flyreagan.com/dca/reagan-national-airport,https://en.wikipedia.org/wiki/Ronald_Reagan_Washington_National_Airport,WAS,1016175,2016-12-13T09:13:00+00:00
3497,KDTW,large_airport,"Detroit Metropolitan Wayne County Airport",42.21377,-83.353786,645,NA,"United States",US,Michigan,US-MI,MI,Detroit,1,KDTW,KDTW,DTW,DTW,http://www.metroairport.com/,https://en.wikipedia.org/wiki/Detroit_Metropolitan_Airport,"DTT, Detroit Metro Airport",1079375,2025-02-28T21:28:04+00:00
3709,KMSP,large_airport,"Minneapolis–Saint Paul International Airport / Wold–Chamberlain Field",44.880081,-93.221741,841,NA,"United States",US,Minnesota,US-MN,MN,Minneapolis,1,KMSP,KMSP,MSP,MSP,http://www.mspairport.com/,https://en.wikipedia.org/wiki/Minneapolis–Saint_Paul_International_Airport,,1085275,2024-04-02T16:37:09+00:00
1990,CYYZ,large_airport,"Toronto Lester B. Pearson International Airport",43.6772,-79.6306,569,NA,Canada,CA,Ontario,CA-ON,ON,Toronto,1,CYYZ,CYYZ,YYZ,YYZ,http://www.gtaa.com/,https://en.wikipedia.org/wiki/Toronto_Pearson_International_Airport,"YTO, Toronto International Airport, Malton",1040275,2024-04-02T16:48:43+00:00
2218,EDDM,large_airport,"Munich Airport",48.353802,11.7861,1487,EU,Germany,DE,Bavaria,DE-BY,BY,Munich,1,EDDM,EDDM,MUC,,http://www.munich-airport.com/,https://en.wikipedia.org/wiki/Munich_Airport,"Franz Josef Strauss Airport, Flughafen München Franz Josef Strauß",1026675,2022-03-29T22:05:19+00:00
4004,LEBL,large_airport,"Josep Tarradellas Barcelona-El Prat Airport",41.2971,2.07846,12,EU,Spain,ES,Catalonia,ES-CT,CT,Barcelona,1,LEBL,LEBL,BCN,,https://www.aena.es/en/josep-tarradellas-barcelona-el-prat.html,https://en.wikipedia.org/wiki/Barcelona%E2%80%93El_Prat_Airport,"El Prat Airport,Barcelona International,Josep Tarradellas Barcelona-El Prat Airport",1020675,2021-10-07T10:53:45+00:00
4372,LIRF,large_airport,"Rome–Fiumicino Leonardo da Vinci International Airport",41.804532,12.251998,13,EU,Italy,IT,Lazio,IT-62,62,Rome,1,LIRF,LIRF,FCO,RM11,http://www.adr.it/portal/portal/adr/Fiumicino/Leonardo_da_vinci/Header_Window?action=2,https://en.wikipedia.org/wiki/Rome_Fiumicino_Airport,"ROM, Rome Fiumicino Airport, Fiumicino Airport",1031875,2025-02-24T19:05:17+00:00
4019,LEMD,large_airport,"Adolfo Suárez Madrid–Barajas Airport",40.471926,-3.56264,1998,EU,Spain,ES,"Madrid (community)",ES-MD,MD,Madrid,1,LEMD,LEMD,MAD,,https://www.aena.es/en/adolfo-suarez-madrid-barajas.html,https://en.wikipedia.org/wiki/Adolfo_Su%C3%A1rez_Madrid%E2%80%93Barajas_Airport,"Leganés, Madrid Barajas International Airport",1041675,2021-10-07T11:02:17+00:00
3887,KSLC,large_airport,"Salt Lake City International Airport",40.78886,-111.979866,4227,NA,"United States",US,Utah,US-UT,UT,"Salt Lake City",1,KSLC,KSLC,SLC,SLC,https://slcairport.com/,https://en.wikipedia.org/wiki/Salt_Lake_City_International_Airport,,1025075,2024-04-29T19:05:02+00:00
3531,KFLL,large_airport,"Fort Lauderdale Hollywood International Airport",26.072599,-80.152702,9,NA,"United States",US,Florida,US-FL,FL,"Fort Lauderdale",1,KFLL,KFLL,FLL,FLL,http://www.broward.org/airport,https://en.wikipedia.org/wiki/Fort_Lauderdale–Hollywood_International_Airport,"MFW, South Florida",1015275,2018-09-16T02:40:06+00:00
3673,KMDW,large_airport,"Chicago Midway International Airport",41.785999,-87.752403,620,NA,"United States",US,Illinois,US-IL,IL,Chicago,1,KMDW,KMDW,MDW,MDW,https://www.flychicago.com/midway/home/pages/default.aspx,https://en.wikipedia.org/wiki/Midway_International_Airport,CHI,1015475,2022-10-23T16:27:10+00:00
3435,KBWI,large_airport,"Baltimore/Washington International Thurgood Marshall Airport",39.1754,-76.668297,146,NA,"United States",US,Maryland,US-MD,MD,Baltimore,1,KBWI,KBWI,BWI,BWI,https://www.bwiairport.com/,https://en.wikipedia.org/wiki/Baltimore/Washington_International_Airport,"WAS, United States, Marshall",1021075,2025-02-24T19:03:06+00:00
4505,LSZH,large_airport,"Zürich Airport",47.458056,8.548056,1417,EU,Switzerland,CH,Zürich,CH-ZH,ZH,Zurich,1,LSZH,LSZH,ZRH,,http://www.zurich-airport.com/,https://en.wikipedia.org/wiki/Zurich_Airport,,1025475,2021-01-31T15:21:43+00:00
3862,KSAN,large_airport,"San Diego International Airport",32.7336006165,-117.190002441,17,NA,"United States",US,California,US-CA,CA,"San Diego",1,KSAN,KSAN,SAN,SAN,http://www.san.org/,https://en.wikipedia.org/wiki/San_Diego_International_Airport,"Lindbergh Field",1017175,2014-12-10T01:00:52+00:00
2533,EIDW,large_airport,"Dublin Airport",53.428713,-6.262121,242,EU,Ireland,IE,"County Dublin",IE-D,D,Dublin,1,EIDW,EIDW,DUB,,http://www.dublinairport.com/,https://en.wikipedia.org/wiki/Dublin_Airport,"Aerfort Bhaile Átha Cliath",1014475,2022-11-18T14:24:25+00:00
2542,EKCH,large_airport,"Copenhagen Kastrup Airport",55.617900848389,12.656000137329,17,EU,Denmark,DK,"Capital Region",DK-84,84,Copenhagen,1,EKCH,EKCH,CPH,,http://www.cph.dk/en/,https://en.wikipedia.org/wiki/Copenhagen_Airport,"København, Malmö",1020075,2015-09-19T15:12:02+00:00
2155,EBBR,large_airport,"Brussels Airport",50.901402,4.48444,175,EU,Belgium,BE,"Flemish Brabant Province",BE-VBR,VBR,Zaventem,1,EBBR,EBBR,BRU,,http://www.brusselsairport.be/en/,https://en.wikipedia.org/wiki/Brussels_Airport,"Brussels National, Zaventem, EBMB",1024675,2024-03-01T02:34:42+00:00
3905,KSTL,large_airport,"St. Louis Lambert International Airport",38.748697,-90.370003,618,NA,"United States",US,Missouri,US-MO,MO,"St Louis",1,KSTL,KSTL,STL,STL,https://www.flystl.com/,https://en.wikipedia.org/wiki/St._Louis_Lambert_International_Airport,"Lambert St Louis",1047075,2024-10-02T15:41:59+00:00
4434,LOWW,large_airport,"Vienna International Airport",48.110298,16.5697,600,EU,Austria,AT,Vienna,AT-9,9,Vienna,1,LOWW,LOWW,VIE,,http://www.viennaairport.com/en/,https://en.wikipedia.org/wiki/Vienna_International_Airport,,1013675,2021-04-09T01:53:35+00:00
5235,OMDB,large_airport,"Dubai International Airport",25.2527999878,55.3643989563,62,AS,"United Arab Emirates",AE,"Dubai Emirate",AE-DU,DU,Dubai,1,OMDB,OMDB,DXB,,http://www.dubaiairport.com/dia/english/home/,https://en.wikipedia.org/wiki/Dubai_International_Airport,"مطار دبي الدولي‎",1013675,2013-05-04T06:01:33+00:00
2476,EGSS,large_airport,"London Stansted Airport",51.884998,0.235,348,EU,"United Kingdom",GB,England,GB-ENG,ENG,London,1,EGSS,EGSS,STN,,http://www.stanstedairport.com/,https://en.wikipedia.org/wiki/London_Stansted_Airport,LON,1012275,2023-12-04T14:28:14+00:00
1941,CYVR,large_airport,"Vancouver International Airport",49.193901062,-123.183998108,14,NA,Canada,CA,"British Columbia",CA-BC,BC,Vancouver,1,CYVR,CYVR,YVR,,http://www.yvr.ca/,https://en.wikipedia.org/wiki/Vancouver_International_Airport,,1018875,2013-07-22T11:09:16+00:00
5453,PHNL,large_airport,"Daniel K Inouye International Airport",21.32062,-157.924228,13,NA,"United States",US,Hawaii,US-HI,HI,"Honolulu, Oahu",1,PHNL,PHNL,HNL,HNL,http://airports.hawaii.gov/hnl/,https://en.wikipedia.org/wiki/Daniel_K._Inouye_International_Airport,"Hickam Air Force Base, HIK, PHIK, KHNL, Honolulu International",1029375,2024-12-19T13:56:47+00:00
26887,WSSS,large_airport,"Singapore Changi Airport",1.35019,103.994003,22,AS,Singapore,SG,"South East",SG-04,04,Singapore,1,WSSS,WSSS,SIN,,http://www.changiairport.com/,https://en.wikipedia.org/wiki/Singapore_Changi_Airport,"RAF Changi",1034575,2021-04-09T01:37:42+00:00
5531,RJAA,large_airport,"Narita International Airport",35.764702,140.386002,141,AS,Japan,JP,"Chiba Prefecture",JP-12,12,Narita,1,RJAA,RJAA,NRT,,https://www.narita-airport.jp/en/,https://en.wikipedia.org/wiki/Narita_International_Airport,"TYO, Tokyo, Tokyo Narita Airport, New Tokyo International Airport",1033675,2024-04-29T19:25:36+00:00
3768,KPDX,large_airport,"Portland International Airport",45.588699,-122.598,31,NA,"United States",US,Oregon,US-OR,OR,Portland,1,KPDX,KPDX,PDX,PDX,https://www.flypdx.com/,https://en.wikipedia.org/wiki/Portland_International_Airport,,1015775,2024-04-29T19:02:03+00:00
3711,KMSY,large_airport,"Louis Armstrong New Orleans International Airport",29.993401,-90.258003,4,NA,"United States",US,Louisiana,US-LA,LA,"New Orleans",1,KMSY,KMSY,MSY,MSY,https://flymsy.com/,https://en.wikipedia.org/wiki/Louis_Armstrong_New_Orleans_International_Airport,,1012575,2024-04-29T18:58:12+00:00
4461,LPPT,large_airport,"Lisbon Humberto Delgado Airport",38.7813,-9.13592,374,EU,Portugal,PT,"Lisbon District",PT-11,11,Lisbon,1,LPPT,LPPT,LIS,,http://www.ana.pt/en-US/Aeroportos/lisboa/Lisboa/Pages/HomeLisboa.aspx,https://en.wikipedia.org/wiki/Lisbon_Airport,"Lisboa, Portela",1011275,2025-03-25T06:57:26+00:00
1928,CYUL,large_airport,"Montreal / Pierre Elliott Trudeau International Airport",45.467837,-73.742294,118,NA,Canada,CA,Quebec,CA-QC,QC,Montréal,1,CYUL,CYUL,YUL,YUL,http://www.admtl.com/passager/Home.aspx,https://en.wikipedia.org/wiki/Montr%C3%A9al-Pierre_Elliott_Trudeau_International_Airport,"YMQ, Dorval Airport",51875,2024-04-02T16:47:08+00:00
3926,KTPA,large_airport,"Tampa International Airport",27.9755,-82.533203,26,NA,"United States",US,Florida,US-FL,FL,Tampa,1,KTPA,KTPA,TPA,TPA,https://www.tampaairport.com/,https://en.wikipedia.org/wiki/Tampa_International_Airport,,1017475,2024-04-29T19:06:44+00:00
2701,ESSA,large_airport,"Stockholm-Arlanda Airport",59.64849,17.928829,137,EU,Sweden,SE,"Stockholms län",SE-AB,AB,Stockholm,1,ESSA,ESSA,ARN,,http://www.swedavia.se/arlanda/,https://en.wikipedia.org/wiki/Stockholm-Arlanda_Airport,,1019975,2025-02-24T19:02:00+00:00
3420,KBNA,large_airport,"Nashville International Airport",36.1245,-86.6782,599,NA,"United States",US,Tennessee,US-TN,TN,Nashville,1,KBNA,KBNA,BNA,BNA,https://flynashville.com/,https://en.wikipedia.org/wiki/Nashville_International_Airport,,52075,2024-04-29T18:52:06+00:00
26535,VHHH,large_airport,"Hong Kong International Airport",22.308901,113.915001,28,AS,"Hong Kong",HK,"New Territories",HK-NT,NT,"Hong Kong",1,VHHH,VHHH,HKG,,http://www.hongkongairport.com/,https://en.wikipedia.org/wiki/Hong_Kong_International_Airport,"Chek Lap Kok Airport, 赤鱲角機場",1044675,2024-02-28T03:33:36+00:00
4408,LKPR,large_airport,"Václav Havel Airport Prague",50.100874,14.259911,1247,EU,"Czech Republic",CZ,"Praha (Prague) (capital city)",CZ-PR,PR,Prague,1,LKPR,LKPR,PRG,,http://www.prg.aero,https://en.wikipedia.org/wiki/Václav_Havel_Airport_Prague,"Letiště Praha-Ruzyně, Ruzyně International Airport, Letiště Václava Havla Praha",51475,2024-04-02T16:17:17+00:00
3471,KCVG,large_airport,"Cincinnati Northern Kentucky International Airport",39.048801,-84.667801,896,NA,"United States",US,Kentucky,US-KY,KY,"Cincinnati / Covington",1,KCVG,KCVG,CVG,CVG,https://www.cvgairport.com/,https://en.wikipedia.org/wiki/Cincinnati/Northern_Kentucky_International_Airport,,1029475,2023-08-15T23:40:32+00:00
27145,YSSY,large_airport,"Sydney Kingsford Smith International Airport",-33.946098,151.177002,21,OC,Australia,AU,"New South Wales",AU-NSW,NSW,"Sydney (Mascot)",1,YSSY,YSSY,SYD,,http://www.sydneyairport.com.au/,https://en.wikipedia.org/wiki/Sydney_Airport,"Kingsford Smith, Mascot, RAAF Station Mascot",1027975,2025-01-30T14:06:16+00:00
28118,VTBS,large_airport,"Suvarnabhumi Airport",13.681099891662598,100.74700164794922,5,AS,Thailand,TH,"Bangkok (special administrative area)",TH-10,10,Bangkok,1,VTBS,VTBS,BKK,,,https://en.wikipedia.org/wiki/Suvarnabhumi_Airport,,51150,2009-01-29T16:23:22+00:00
4762,MMUN,large_airport,"Cancún International Airport",21.039444,-86.874304,22,NA,Mexico,MX,"Quintana Roo",MX-ROO,ROO,Cancún,1,MMUN,MMUN,CUN,,http://www.asur.com.mx/asur/ingles/aeropuertos/cancun/cancun.asp,https://www.prioritypass.com/lounges/mexico/cancun-international,,51150,2025-03-02T17:12:36+00:00
3844,KRDU,large_airport,"Raleigh Durham International Airport",35.877602,-78.787498,435,NA,"United States",US,"North Carolina",US-NC,NC,Raleigh/Durham,1,KRDU,KRDU,RDU,RDU,https://www.rdu.com/,https://en.wikipedia.org/wiki/Raleigh-Durham_International_Airport,,1011675,2023-06-22T11:57:23+00:00
4340,LIMC,large_airport,"Milan Malpensa International Airport",45.6306,8.72811,768,EU,Italy,IT,Lombardy,IT-25,25,"Ferno (VA)",1,LIMC,LIMC,MXP,MI12,http://www.sea-aeroportimilano.it/en/malpensa/index.phtml,https://en.wikipedia.org/wiki/Malpensa_Airport,"MIL, Silvio Berlusconi",1019475,2025-02-21T16:54:32+00:00
3386,KAUS,large_airport,"Austin Bergstrom International Airport",30.197535,-97.662015,542,NA,"United States",US,Texas,US-TX,TX,Austin,1,KAUS,KAUS,AUS,AUS,http://www.ci.austin.tx.us/austinairport/,https://en.wikipedia.org/wiki/Austin-Bergstrom_International_Airport,"BSM, KBSM, Bergstrom AFB",51675,2024-03-14T12:07:49+00:00
4251,LGAV,large_airport,"Athens Eleftherios Venizelos International Airport",37.936401,23.9445,308,EU,Greece,GR,Attica,GR-I,I,Spata-Artemida,1,LGAV,LGAV,ATH,,http://www.aia.gr,https://en.wikipedia.org/wiki/Athens_International_Airport,,51600,2023-12-28T04:03:30+00:00
4296,LHBP,large_airport,"Budapest Liszt Ferenc International Airport",47.43018,19.262393,495,EU,Hungary,HU,"Budapest (capital city)",HU-BU,BU,Budapest,1,LHBP,LHBP,BUD,,http://www.bud.hu/english,https://en.wikipedia.org/wiki/Budapest_Ferenc_Liszt_International_Airport,"Ferihegyi nemzetközi repülőtér, Budapest Liszt Ferenc international Airport",51675,2023-10-29T13:36:15+00:00
3778,KPIT,large_airport,"Pittsburgh International Airport",40.491501,-80.232903,1203,NA,"United States",US,Pennsylvania,US-PA,PA,Pittsburgh,1,KPIT,KPIT,PIT,PIT,https://flypittsburgh.com/,https://en.wikipedia.org/wiki/Pittsburgh_International_Airport,,1021875,2024-04-29T19:02:38+00:00
123,BIKF,large_airport,"Keflavik International Airport",63.985001,-22.6056,171,EU,Iceland,IS,"Southern Peninsula",IS-2,2,Reykjavík,1,BIKF,BIKF,KEF,,https://www.isavia.is/en/keflavik-airport,https://en.wikipedia.org/wiki/Keflav%C3%ADk_International_Airport,"Keflavik Naval Air Station,REK",1675,2021-11-08T03:58:56+00:00
2578,ENGM,large_airport,"Oslo Airport, Gardermoen",60.193901,11.1004,681,EU,Norway,NO,Akershus,NO-32,32,"Oslo (Gardermoen)",1,ENGM,ENGM,OSL,,https://avinor.no/en/airport/oslo-airport,"https://en.wikipedia.org/wiki/Oslo_Airport,_Gardermoen",,1015675,2025-03-13T04:52:22+00:00
2223,DE-0876,closed,"Berlin-Tegel Otto Lilienthal Airport",52.5597,13.2877,122,EU,Germany,DE,Berlin,DE-BE,BE,Berlin,0,,,,,http://www.berlin-airport.de/en/travellers-txl/index.php,https://en.wikipedia.org/wiki/Berlin_Tegel_Airport,"TXL, EDDT, Otto Lilienthal",1012675,2025-03-05T23:16:10+00:00
4528,LTBA,medium_airport,"İstanbul Atatürk Airport",40.971913,28.823714,163,AS,Turkey,TR,"İstanbul Province",TR-34,34,"Bakırköy, Istanbul",0,LTBA,LTBA,ISL,,http://www.ataturkairport.com/eng/,https://en.wikipedia.org/wiki/Istanbul_Atat%C3%BCrk_Airport,"Ataturk, Yeşilköy, Yesilkoy",750,2025-02-26T21:52:47+00:00
3863,KSAT,large_airport,"San Antonio International Airport",29.533701,-98.469803,809,NA,"United States",US,Texas,US-TX,TX,"San Antonio",1,KSAT,KSAT,SAT,SAT,https://www.sanantonio.gov/aviation,https://en.wikipedia.org/wiki/San_Antonio_International_Airport,,1475,2022-09-25T21:25:37+00:00
3883,KSJC,large_airport,"Norman Y. Mineta San Jose International Airport",37.362452,-121.929188,62,NA,"United States",US,California,US-CA,CA,"San Jose",1,KSJC,KSJC,SJC,SJC,https://www.flysanjose.com/,https://en.wikipedia.org/wiki/San_Jose_International_Airport,,1000,2022-09-02T15:17:36+00:00
2307,EFHK,large_airport,"Helsinki Vantaa Airport",60.318363,24.963341,179,EU,Finland,FI,"Uusimaa Region",FI-18,18,"Helsinki (Vantaa)",1,EFHK,EFHK,HEL,,http://www.finavia.fi/en/helsinki-airport,https://en.wikipedia.org/wiki/Helsinki_Airport,,51875,2025-03-13T04:47:03+00:00
2398,EGCC,large_airport,"Manchester Airport",53.349375,-2.279521,257,EU,"United Kingdom",GB,England,GB-ENG,ENG,"Manchester, Greater Manchester",1,EGCC,EGCC,MAN,,http://www.manchesterairport.co.uk/,https://en.wikipedia.org/wiki/Manchester_Airport,"Ringway Airport, RAF Ringway",1020475,2024-11-03T07:18:32+00:00
3668,KMCI,large_airport,"Kansas City International Airport",39.2976,-94.713898,1026,NA,"United States",US,Missouri,US-MO,MO,"Kansas City",1,KMCI,KMCI,MCI,MCI,http://www.flykci.com/,https://en.wikipedia.org/wiki/Kansas_City_International_Airport,,1015075,2016-05-31T09:33:29+00:00
3744,KOAK,large_airport,"San Francisco Bay Oakland International Airport",37.720085,-122.221184,9,NA,"United States",US,California,US-CA,CA,Oakland,1,KOAK,KOAK,OAK,OAK,https://www.iflyoak.com/,https://en.wikipedia.org/wiki/Oakland_International_Airport,"Metro Oakland International",1012475,2025-02-24T19:46:30+00:00
3894,KSNA,large_airport,"John Wayne Orange County International Airport",33.675701,-117.867996,56,NA,"United States",US,California,US-CA,CA,"Santa Ana",1,KSNA,KSNA,SNA,SNA,http://www.ocair.com/,https://en.wikipedia.org/wiki/John_Wayne_Airport,"Disney, Disneyland, Orange County",1000,2023-05-11T14:55:36+00:00
27188,ZBAA,large_airport,"Beijing Capital International Airport",40.080101013183594,116.58499908447266,116,AS,China,CN,"Beijing Municipality",CN-11,11,Beijing,1,ZBAA,ZBAA,PEK,,http://en.bcia.com.cn/,https://en.wikipedia.org/wiki/Beijing_Capital_International_Airport,"BJS, Bejing, Peking, Olympics",1021575,2008-06-13T14:30:04+00:00
2462,EGPH,large_airport,"Edinburgh Airport",55.950145,-3.372288,135,EU,"United Kingdom",GB,Scotland,GB-SCT,SCT,Edinburgh,1,EGPH,EGPH,EDI,,http://www.edinburghairport.com/,https://en.wikipedia.org/wiki/Edinburgh_Airport,,51275,2021-11-02T17:35:40+00:00
3675,KMEM,large_airport,"Memphis International Airport",35.0424,-89.9767,341,NA,"United States",US,Tennessee,US-TN,TN,Memphis,1,KMEM,KMEM,MEM,MEM,https://flymemphis.com/,https://en.wikipedia.org/wiki/Memphis_International_Airport,,1014475,2024-04-29T18:56:51+00:00
4490,LSGG,large_airport,"Geneva Cointrin International Airport",46.238098,6.10895,1411,EU,Switzerland,CH,Geneva,CH-GE,GE,Geneva,1,LSGG,LSGG,GVA,,http://www.gva.ch/,https://en.wikipedia.org/wiki/Geneva_Cointrin_International_Airport,,51275,2023-11-19T17:30:48+00:00
3454,KCLE,large_airport,"Cleveland Hopkins International Airport",41.411701,-81.8498,791,NA,"United States",US,Ohio,US-OH,OH,Cleveland,1,KCLE,KCLE,CLE,CLE,http://www.clevelandairport.com/,https://en.wikipedia.org/wiki/Cleveland_Hopkins_International_Airport,,1015875,2023-12-07T16:12:11+00:00
3588,KHOU,medium_airport,"William P Hobby Airport",29.645399,-95.2789,46,NA,"United States",US,Texas,US-TX,TX,Houston,1,KHOU,KHOU,HOU,HOU,http://www.fly2houston.com/hobbyHome,https://en.wikipedia.org/wiki/William_P._Hobby_Airport,QHO,750,2021-11-21T14:56:51+00:00
4189,LFPO,large_airport,"Paris-Orly Airport",48.72333,2.37944,291,EU,France,FR,Île-de-France,FR-IDF,IDF,"Paris (Orly, Val-de-Marne)",1,LFPO,LFPO,ORY,,https://www.parisaeroport.fr/orly,https://en.wikipedia.org/wiki/Orly_Airport,,1032775,2024-06-22T14:10:23+00:00
26874,WMKK,large_airport,"Kuala Lumpur International Airport",2.74558,101.709999,69,AS,Malaysia,MY,Selangor,MY-10,10,Sepang,1,WMKK,WMKK,KUL,,,https://en.wikipedia.org/wiki/Kuala_Lumpur_International_Airport,KLIA,1017575,2022-11-08T11:03:43+00:00
3479,KDAL,medium_airport,"Dallas Love Field",32.847099,-96.851799,487,NA,"United States",US,Texas,US-TX,TX,Dallas,1,KDAL,KDAL,DAL,DAL,http://www.dallas-lovefield.com/,https://en.wikipedia.org/wiki/Dallas_Love_Field,QDF,750,2021-11-21T14:57:51+00:00
2217,EDDL,large_airport,"Düsseldorf Airport",51.289501,6.76678,147,EU,Germany,DE,"North Rhine-Westphalia",DE-NW,NW,Düsseldorf,1,EDDL,EDDL,DUS,,http://www.dus.com/dus_en/,https://en.wikipedia.org/wiki/D%C3%BCsseldorf_Airport,,1017675,2023-12-04T14:06:43+00:00
3610,KIND,large_airport,"Indianapolis International Airport",39.7173,-86.294403,797,NA,"United States",US,Indiana,US-IN,IN,Indianapolis,1,KIND,KIND,IND,IND,http://www.indianapolisairport.com/,https://en.wikipedia.org/wiki/Indianapolis_International_Airport,,52075,2016-07-08T18:41:42+00:00
1973,CYYC,large_airport,"Calgary International Airport",51.118822,-114.009933,3557,NA,Canada,CA,Alberta,CA-AB,AB,Calgary,1,CYYC,CYYC,YYC,,http://www.calgaryairport.com/,https://en.wikipedia.org/wiki/Calgary_International_Airport,"McCall Field",51275,2024-04-02T16:47:55+00:00
2419,EGGW,large_airport,"London Luton Airport",51.874699,-0.368333,526,EU,"United Kingdom",GB,England,GB-ENG,ENG,"Luton, Bedfordshire",1,EGGW,EGGW,LTN,,http://www.london-luton.co.uk/en/,https://en.wikipedia.org/wiki/Luton_Airport,LON,51275,2025-02-24T18:59:30+00:00
4731,MMMX,large_airport,"Benito Juárez International Airport",19.435137,-99.071328,7316,NA,Mexico,MX,"Ciudad de México",MX-DIF,DIF,"Ciudad de México",1,MMMX,MMMX,MEX,ME1,https://www.aicm.com.mx,https://en.wikipedia.org/wiki/Mexico_City_International_Airport,AICM,1025275,2024-09-16T22:02:37+00:00
2637,EPWA,large_airport,"Warsaw Chopin Airport",52.165699,20.9671,362,EU,Poland,PL,"Masovian Voivodeship",PL-MZ,MZ,Warsaw,1,EPWA,EPWA,WAW,,http://www.lotnisko-chopina.pl/?lang=en,https://en.wikipedia.org/wiki/Warsaw_Frederic_Chopin_Airport,"Okęcie, Warszawa",51275,2025-02-27T12:39:32+00:00
4368,LIPZ,large_airport,"Venice Marco Polo Airport",45.505299,12.3519,7,EU,Italy,IT,Veneto,IT-34,34,"Venezia (VE)",1,LIPZ,LIPZ,VCE,VE05,http://www.veniceairport.com/core/index.jsp?_requestid=37300&language=en,https://en.wikipedia.org/wiki/Venice_Marco_Polo_Airport,"Venezia-Tessera, Venice-Tessera",1000,2023-12-01T09:26:14+00:00
5653,RKSI,large_airport,"Incheon International Airport",37.469101,126.450996,23,AS,"South Korea",KR,"Incheon-gwangyeoksi (Incheon Metropolitan City)",KR-28,28,Seoul,1,RKSI,RKSI,ICN,,https://www.airport.kr/ap/en/index.do,https://en.wikipedia.org/wiki/Incheon_International_Airport,,51675,2024-04-29T19:30:02+00:00
3458,KCMH,large_airport,"John Glenn Columbus International Airport",39.998001,-82.891899,815,NA,"United States",US,Ohio,US-OH,OH,Columbus,1,KCMH,KCMH,CMH,CMH,https://flycolumbus.com/,https://en.wikipedia.org/wiki/John_Glenn_Columbus_International_Airport,,1675,2025-02-25T15:41:32+00:00
16091,KABQ,large_airport,"Albuquerque International Sunport",35.039976,-106.608925,5355,NA,"United States",US,"New Mexico",US-NM,NM,Albuquerque,1,KABQ,KABQ,ABQ,ABQ,http://www.abqsunport.com/,https://en.wikipedia.org/wiki/Albuquerque_International_Sunport,,1000,2024-04-03T18:50:59+00:00
4020,LEMG,large_airport,"Málaga-Costa del Sol Airport",36.6749,-4.49911,53,EU,Spain,ES,Andalucía,ES-AN,AN,Málaga,1,LEMG,LEMG,AGP,,https://www.aena.es/en/malaga-costa-del-sol.html,https://en.wikipedia.org/wiki/M%C3%A1laga_Airport,"Costa del Sol, Malaga",51275,2023-12-05T05:03:14+00:00
4035,LEPA,large_airport,"Palma de Mallorca Airport",39.551701,2.73881,27,EU,Spain,ES,"Islas Baleares",ES-IB,IB,"Palma de Mallorca",1,LEPA,LEPA,PMI,,https://www.aena.es/en/palma-de-mallorca.html,https://en.wikipedia.org/wiki/Son_Sant_Joan_Airport,"Son Sant Joan Airport, LESJ",51200,2022-09-09T19:35:49+00:00
26555,VIDP,large_airport,"Indira Gandhi International Airport",28.55563,77.09519,777,AS,India,IN,"Delhi (National Capital Territory)",IN-DL,DL,"New Delhi",1,VIDP,VIDP,DEL,,http://www.newdelhiairport.in/,https://en.wikipedia.org/wiki/Indira_Gandhi_International_Airport,"Palam Air Force Station",51475,2022-02-11T17:31:57+00:00
4156,LFMN,large_airport,"Nice-Côte d'Azur Airport",43.658401,7.21587,12,EU,France,FR,Provence-Alpes-Côte-d'Azur,FR-PAC,PAC,"Nice, Alpes-Maritimes",1,LFMN,LFMN,NCE,,https://www.nice.aeroport.fr/en,https://en.wikipedia.org/wiki/C%C3%B4te_d'Azur_International_Airport,,51475,2024-08-01T13:07:35+00:00
27066,YMML,large_airport,"Melbourne Airport",-37.661548,144.836432,434,OC,Australia,AU,Victoria,AU-VIC,VIC,Melbourne,1,YMML,YMML,MEL,,http://melbourneairport.com.au/,https://en.wikipedia.org/wiki/Melbourne_Airport,"Melbourne International, Tullamarine",1016075,2025-03-08T17:34:29+00:00
27223,ZSPD,large_airport,"Shanghai Pudong International Airport",31.1434,121.805,13,AS,China,CN,"Shanghai Municipality",CN-31,31,"Shanghai (Pudong)",1,ZSPD,ZSPD,PVG,,https://www.shanghaiairport.com/index.html,https://en.wikipedia.org/wiki/Shanghai_Pudong_International_Airport,,51150,2023-01-28T02:09:04+00:00
3690,KMKE,large_airport,"General Mitchell International Airport",42.947201,-87.896599,723,NA,"United States",US,Wisconsin,US-WI,WI,Milwaukee,1,KMKE,KMKE,MKE,MKE,https://www.mitchellairport.com/,https://en.wikipedia.org/wiki/General_Mitchell_International_Airport,,1575,2024-04-29T18:57:21+00:00
6384,TJSJ,large_airport,"Luis Munoz Marin International Airport",18.4394,-66.001801,9,NA,"Puerto Rico",PR,(unassigned),PR-U-A,U-A,"San Juan",1,TJSJ,TJSJ,SJU,SJU,https://aeropuertosju.com/,https://en.wikipedia.org/wiki/Luis_Mu%C3%B1oz_Mar%C3%ADn_International_Airport,"Isla Verde",1012275,2024-04-29T19:15:41+00:00
31055,FAOR,large_airport,"O.R. Tambo International Airport",-26.1392,28.246,5558,AF,"South Africa",ZA,Gauteng,ZA-GT,GT,Johannesburg,1,FAOR,FAOR,JNB,,https://ortambo-airport.com/index.html,https://en.wikipedia.org/wiki/O._R._Tambo_International_Airport,"Johannesburg International Airport, FAJS",1000,2024-06-27T11:02:22+00:00
2214,EDDH,large_airport,"Hamburg Helmut Schmidt Airport",53.630402,9.98823,53,EU,Germany,DE,Hamburg,DE-HH,HH,Hamburg,1,EDDH,EDDH,HAM,,https://www.hamburg-airport.de/en/,https://en.wikipedia.org/wiki/Hamburg_Airport,"Hamburg-Fuhlsbüttel Airport",1012575,2021-03-12T16:04:07+00:00
3620,KJAX,large_airport,"Jacksonville International Airport",30.492469,-81.687813,30,NA,"United States",US,Florida,US-FL,FL,Jacksonville,1,KJAX,KJAX,JAX,JAX,https://www.flyjacksonville.com/,https://en.wikipedia.org/wiki/Jacksonville_International_Airport,,1475,2024-04-29T18:56:27+00:00
3932,KTUS,medium_airport,"Tucson International Airport / Morris Air National Guard Base",32.115004,-110.938053,2643,NA,"United States",US,Arizona,US-AZ,AZ,Tucson,1,KTUS,KTUS,TUS,TUS,https://www.flytucson.com/,https://en.wikipedia.org/wiki/Tucson_International_Airport,"tucson, tucson international, morris angb",750,2025-03-17T18:47:48+00:00
5910,SBGR,large_airport,"Guarulhos - Governador André Franco Montoro International Airport",-23.431944,-46.467778,2461,SA,Brazil,BR,"São Paulo",BR-SP,SP,"São Paulo",1,SBGR,SBGR,GRU,SP0002,http://www.aeroportoguarulhos.net/,https://en.wikipedia.org/wiki/S%C3%A3o_Paulo-Guarulhos_International_Airport,Cumbica,1016675,2021-10-28T15:52:55+00:00
2461,EGPF,large_airport,"Glasgow Airport",55.871899,-4.43306,26,EU,"United Kingdom",GB,Scotland,GB-SCT,SCT,Glasgow,1,EGPF,EGPF,GLA,,http://www.glasgowairport.com/,https://en.wikipedia.org/wiki/Glasgow_International_Airport,"Port-adhair Eadar-nàiseanta Ghlaschu, RAF Abbotsinch, RAF Ayr",51275,2025-04-09T22:01:07+00:00
5627,RJTT,large_airport,"Tokyo Haneda International Airport",35.552299,139.779999,35,AS,Japan,JP,"Tōkyō Prefecture",JP-13,13,Tokyo,1,RJTT,RJTT,HND,,http://www.haneda-airport.jp/,https://en.wikipedia.org/wiki/Tokyo_International_Airport,"TYO, Haneda",1168475,2021-04-09T01:56:38+00:00
4411,LLBG,large_airport,"Ben Gurion International Airport",32.011398,34.8867,135,AS,Israel,IL,"Central District",IL-M,M,"Tel Aviv",1,LLBG,LLBG,TLV,,http://www.iaa.gov.il/Rashat/en-US/Airports/BenGurion/,https://en.wikipedia.org/wiki/Ben_Gurion_International_Airport,,1011275,2023-12-04T15:09:21+00:00
3431,KBUF,large_airport,"Buffalo Niagara International Airport",42.940498,-78.732201,728,NA,"United States",US,"New York",US-NY,NY,Buffalo,1,KBUF,KBUF,BUF,BUF,https://www.buffaloairport.com/,https://en.wikipedia.org/wiki/Buffalo_Niagara_International_Airport,,1475,2024-04-29T18:52:59+00:00
3396,KBDL,large_airport,"Bradley International Airport",41.93851,-72.688066,173,NA,"United States",US,Connecticut,US-CT,CT,Hartford,1,KBDL,KBDL,BDL,BDL,http://www.bradleyairport.com/,https://en.wikipedia.org/wiki/Bradley_International_Airport,"HFD, Hartford",1000,2024-04-03T00:58:34+00:00
5388,PANC,large_airport,"Ted Stevens Anchorage International Airport",61.179004,-149.992561,152,NA,"United States",US,Alaska,US-AK,AK,Anchorage,1,PANC,PANC,ANC,ANC,https://dot.alaska.gov/anc/,https://en.wikipedia.org/wiki/Ted_Stevens_Anchorage_International_Airport,,1475,2024-04-29T19:13:03+00:00
5023,NZAA,large_airport,"Auckland International Airport",-37.01199,174.786331,23,OC,"New Zealand",NZ,"Auckland Region",NZ-AUK,AUK,Auckland,1,NZAA,NZAA,AKL,,http://www.auckland-airport.co.nz/,https://en.wikipedia.org/wiki/Auckland_International_Airport,,51475,2022-03-29T22:03:00+00:00
1840,CYOW,large_airport,"Ottawa Macdonald-Cartier International Airport",45.322498,-75.669197,374,NA,Canada,CA,Ontario,CA-ON,ON,Ottawa,1,CYOW,CYOW,YOW,YOW,https://yow.ca/,https://en.wikipedia.org/wiki/Ottawa_Macdonald%E2%80%93Cartier_International_Airport,"Uplands, UUP, CUUP",1275,2022-11-06T16:37:56+00:00
26396,UUEE,large_airport,"Sheremetyevo International Airport",55.972599,37.4146,622,EU,Russia,RU,"Moscow Oblast",RU-MOS,MOS,Moscow,1,UUEE,UUEE,SVO,,http://svo.aero/en/,https://en.wikipedia.org/wiki/Sheremetyevo_International_Airport,"MOW, Международный аэропорт Шереметьево, svo, sheremetyevo, moscow",1012675,2024-05-24T17:49:49+00:00
26638,VTBD,large_airport,"Don Mueang International Airport",13.9125995636,100.607002258,9,AS,Thailand,TH,"Bangkok (special administrative area)",TH-10,10,Bangkok,1,VTBD,VTBD,DMK,,http://www2.airportthai.co.th/airportnew/bangkok/index.asp?lang=en,https://en.wikipedia.org/wiki/Don_Mueang_International_Airport,"Old Bangkok International Airport, Don Muang Royal Thai Air Force Base",1000,2014-01-27T11:03:44+00:00
2216,EDDK,large_airport,"Cologne Bonn Airport",50.865898,7.14274,302,EU,Germany,DE,"North Rhine-Westphalia",DE-NW,NW,"Köln (Cologne)",1,EDDK,EDDK,CGN,,http://www.koeln-bonn-airport.de/en/,https://en.wikipedia.org/wiki/Cologne_Bonn_Airport,Köln,51475,2023-12-04T20:06:04+00:00
5781,SAEZ,large_airport,"Minister Pistarini International Airport",-34.8222,-58.5358,67,SA,Argentina,AR,"Buenos Aires Province",AR-B,B,"Buenos Aires (Ezeiza)",1,SAEZ,SAEZ,EZE,EZE,http://www.aa2000.com.ar/index.php,https://en.wikipedia.org/wiki/Ministro_Pistarini_International_Airport,"BUE, Ezeiza",1275,2022-10-27T15:05:29+00:00
3747,KOKC,large_airport,"Will Rogers World Airport",35.393388,-97.598248,1295,NA,"United States",US,Oklahoma,US-OK,OK,"Oklahoma City",1,KOKC,KOKC,OKC,OKC,https://flyokc.com/,https://en.wikipedia.org/wiki/Will_Rogers_World_Airport,,1000,2024-04-29T18:59:21+00:00
5528,RCTP,large_airport,"Taiwan Taoyuan International Airport",25.0777,121.233002,106,AS,Taiwan,TW,"Taoyuan City",TW-TAO,TAO,Taoyuan,1,RCTP,RCTP,TPE,,http://www.taoyuan-airport.com/,https://zh.wikipedia.org/wiki/%E8%87%BA%E7%81%A3%E6%A1%83%E5%9C%92%E5%9C%8B%E9%9A%9B%E6%A9%9F%E5%A0%B4,"Taoyuan County, Dayuan District. 臺灣桃園國際機場",1018675,2024-08-24T19:02:23+00:00
3183,HECA,large_airport,"Cairo International Airport",30.111534,31.396694,322,AF,Egypt,EG,"Cairo Governorate",EG-C,C,Cairo,1,HECA,HECA,CAI,,,https://en.wikipedia.org/wiki/Cairo_International_Airport,,51675,2022-11-04T15:57:49+00:00
2209,DE-0440,closed,"Berlin-Schönefeld Airport",52.380001,13.5225,157,EU,Germany,DE,Brandenburg,DE-BR,BR,Berlin,0,,,,,,https://en.wikipedia.org/wiki/Berlin-Sch%C3%B6nefeld_International_Airport,"BER, EDDB, ETBS, Schoenefeld, Terminal 5, SXF",1275,2024-03-25T15:33:46+00:00
26434,VABB,large_airport,"Chhatrapati Shivaji International Airport",19.0886993408,72.8678970337,39,AS,India,IN,Maharashtra,IN-MM,MM,Mumbai,1,VABB,VABB,BOM,,http://www.csia.in/,https://en.wikipedia.org/wiki/Chhatrapati_Shivaji_International_Airport,"Bombay, Sahar International Airport",1014475,2013-04-12T01:27:48+00:00
5455,PHOG,large_airport,"Kahului International Airport",20.896263,-156.431837,54,NA,"United States",US,Hawaii,US-HI,HI,Kahului,1,PHOG,PHOG,OGG,OGG,https://airports.hawaii.gov/ogg/,https://en.wikipedia.org/wiki/Kahului_Airport,,1000,2024-04-29T19:14:08+00:00
26901,YBBN,large_airport,"Brisbane International Airport",-27.384199142456055,153.11700439453125,13,OC,Australia,AU,Queensland,AU-QLD,QLD,Brisbane,1,YBBN,YBBN,BNE,,,https://en.wikipedia.org/wiki/Brisbane_Airport,,1013175,2008-06-26T14:52:34+00:00
3892,KSMF,large_airport,"Sacramento International Airport",38.6954,-121.591003,27,NA,"United States",US,California,US-CA,CA,Sacramento,1,KSMF,KSMF,SMF,SMF,https://sacramento.aero/smf,https://en.wikipedia.org/wiki/Sacramento_International_Airport,,51475,2024-04-29T19:05:45+00:00
4345,LIML,medium_airport,"Milano Linate Airport",45.445099,9.27674,353,EU,Italy,IT,Lombardy,IT-25,25,"Segrate (MI)",1,LIML,LIML,LIN,MI11,http://www.sea-aeroportimilano.it/en/,https://en.wikipedia.org/wiki/Linate_Airport,"E Forlanini",750,2023-11-18T19:20:37+00:00
5226,OMAA,large_airport,"Zayed International Airport",24.443764,54.651718,88,AS,"United Arab Emirates",AE,"Abu Dhabi Emirate",AE-AZ,AZ,"Abu Dhabi",1,OMAA,OMAA,AUH,,http://www.abudhabiairport.ae/,https://en.wikipedia.org/wiki/Abu_Dhabi_International_Airport,"Abu Dhabi International",1275,2024-08-22T14:40:57+00:00
6217,SPIM,large_airport,"Jorge Chávez International Airport",-12.0219,-77.114305,113,SA,Peru,PE,"Lima Region",PE-LIM,LIM,Lima,1,SPJC,SPJC,LIM,,http://www.lap.com.pe/,https://en.wikipedia.org/wiki/Jorge_Ch%C3%A1vez_International_Airport,SPIM,1050,2025-03-10T09:05:01+00:00
44686,OTHH,large_airport,"Hamad International Airport",25.273056,51.608056,13,AS,Qatar,QA,"Ad-Dawhah Municipality",QA-DA,DA,Doha,1,OTHH,OTHH,DOH,,http://dohahamadairport.com/,https://en.wikipedia.org/wiki/Hamad_International_Airport,"New Doha International Airport",1000,2020-01-31T15:38:38+00:00
26751,WADD,large_airport,"Denpasar I Gusti Ngurah Rai International Airport",-8.748409,115.167123,14,AS,Indonesia,ID,Bali,ID-BA,BA,"Kuta, Badung",1,WADD,WADD,DPS,,http://www.angkasapura1.co.id/eng/location/bali.htm,https://en.wikipedia.org/wiki/Ngurah_Rai_International_Airport,"WRRR, Bali, Denpasar International Airport, Denpasar",1200,2025-02-21T20:46:40+00:00
4427,LMML,large_airport,"Malta International Airport",35.857498,14.4775,300,EU,Malta,MT,Luqa,MT-25,25,Valletta,1,LMML,LMML,MLA,,http://www.maltairport.com/en/home.htm,https://en.wikipedia.org/wiki/Malta_International_Airport,"Luqa Airport,Valletta,Gudja,RAF Luqa",1275,2022-03-11T20:49:02+00:00
3751,KOMA,large_airport,"Eppley Airfield",41.3032,-95.894096,984,NA,"United States",US,Nebraska,US-NE,NE,Omaha,1,KOMA,KOMA,OMA,OMA,https://www.flyoma.com,https://en.wikipedia.org/wiki/Eppley_Airfield,,1000,2024-04-29T18:59:52+00:00
3432,KBUR,medium_airport,"Hollywood Burbank Airport",34.197703,-118.356378,778,NA,"United States",US,California,US-CA,CA,Burbank,1,KBUR,KBUR,BUR,BUR,https://www.hollywoodburbankairport.com/,https://en.wikipedia.org/wiki/Hollywood_Burbank_Airport,"Bob Hope",750,2024-07-22T13:18:48+00:00
3450,KCHS,medium_airport,"Charleston International Airport",32.898602,-80.040497,46,NA,"United States",US,"South Carolina",US-SC,SC,Charleston,1,KCHS,KCHS,CHS,CHS,https://www.iflychs.com/,https://en.wikipedia.org/wiki/Charleston_International_Airport,"Charleston Air Force Base",750,2024-04-29T18:54:44+00:00
2389,EGBB,large_airport,"Birmingham Airport",52.453899,-1.74803,327,EU,"United Kingdom",GB,England,GB-ENG,ENG,"Birmingham, West Midlands",1,EGBB,EGBB,BHX,,https://www.birminghamairport.co.uk/,https://en.wikipedia.org/wiki/Birmingham_Airport,"Birmingham International Airport",50850,2024-11-03T11:23:58+00:00
3766,KPBI,large_airport,"Palm Beach International Airport",26.683201,-80.095596,19,NA,"United States",US,Florida,US-FL,FL,"West Palm Beach",1,KPBI,KPBI,PBI,PBI,https://www.pbia.org/,https://en.wikipedia.org/wiki/Palm_Beach_International_Airport,"MFW, South Florida",1275,2024-04-29T19:01:41+00:00
1926,CYTZ,medium_airport,"Billy Bishop Toronto City Centre Airport",43.627499,-79.396202,252,NA,Canada,CA,Ontario,CA-ON,ON,Toronto,1,CYTZ,CYTZ,YTZ,,http://www.torontoport.com/airport.aspx,https://en.wikipedia.org/wiki/Toronto_City_Centre_Airport,"YTO, Toronto Island Airport",750,2016-02-10T17:34:10+00:00
5689,RPLL,large_airport,"Ninoy Aquino International Airport",14.5086,121.019997,75,AS,Philippines,PH,"National Capital Region (Metropolitan Manila)",PH-00,00,"Manila (Pasay)",1,RPLL,RPLL,MNL,,,https://en.wikipedia.org/wiki/Ninoy_Aquino_International_Airport,"Manila International Airport, Jesus Villamor Air Base",1014275,2024-12-17T00:37:37+00:00
3873,KSDF,large_airport,"Louisville Muhammad Ali International Airport",38.1744,-85.736,501,NA,"United States",US,Kentucky,US-KY,KY,Louisville,1,KSDF,KSDF,SDF,SDF,http://www.flylouisville.com,https://en.wikipedia.org/wiki/Louisville_International_Airport,"Louisville International, Standiford Field",1875,2019-12-14T21:35:15+00:00
3081,GCLP,large_airport,"Gran Canaria Airport",27.9319,-15.3866,78,AF,Spain,ES,"Canary Islands",ES-CN,CN,"Gran Canaria Island",1,GCLP,GCLP,LPA,,https://www.aena.es/en/gran-canaria.html,https://en.wikipedia.org/wiki/Gran_Canaria_Airport,"Canary Islands, Las Palmas Airport, Gando Airport",1012275,2022-11-01T17:26:09+00:00
5906,SBGL,large_airport,"Rio Galeão – Tom Jobim International Airport",-22.809999,-43.250557,28,SA,Brazil,BR,"Rio de Janeiro",BR-RJ,RJ,"Rio De Janeiro",1,SBGL,SBGL,GIG,RJ0001,https://www.riogaleao.com/passageiros,https://en.wikipedia.org/wiki/Rio_de_Janeiro-Gale%C3%A3o_International_Airport,"Galeão - Antônio Carlos Jobim International Airport",51475,2024-05-09T15:04:08+00:00
3512,KELP,medium_airport,"El Paso International Airport",31.807199,-106.377998,3959,NA,"United States",US,Texas,US-TX,TX,"El Paso",1,KELP,KELP,ELP,ELP,https://elpasointernationalairport.com/,https://en.wikipedia.org/wiki/El_Paso_International_Airport,,750,2024-04-29T18:55:25+00:00
2430,EGLC,medium_airport,"London City Airport",51.505299,0.055278,19,EU,"United Kingdom",GB,England,GB-ENG,ENG,London,1,EGLC,EGLC,LCY,,http://www.londoncityairport.com/,https://en.wikipedia.org/wiki/London_City_Airport,LON,750,2022-09-08T19:54:17+00:00
3853,KRNO,large_airport,"Reno Tahoe International Airport",39.4991,-119.767998,4415,NA,"United States",US,Nevada,US-NV,NV,Reno,1,KRNO,KRNO,RNO,RNO,https://www.renoairport.com/,https://en.wikipedia.org/wiki/Reno-Tahoe_International_Airport,,1050,2024-04-02T16:41:00+00:00
3755,KORF,large_airport,"Norfolk International Airport",36.895341,-76.201,26,NA,"United States",US,Virginia,US-VA,VA,Norfolk,1,KORF,KORF,ORF,ORF,https://www.norfolkairport.com/,https://en.wikipedia.org/wiki/Norfolk_International_Airport,,1000,2024-04-29T19:01:06+00:00
6015,SCEL,large_airport,"Comodoro Arturo Merino Benítez International Airport",-33.393001556396484,-70.78579711914062,1555,SA,Chile,CL,"Santiago Metropolitan Region",CL-RM,RM,Santiago,1,SCEL,SCEL,SCL,,http://www.aeropuertosantiago.cl/ingles/index.php,https://en.wikipedia.org/wiki/Comodoro_Arturo_Merino_Ben%C3%ADtez_International_Airport,,51150,2009-01-31T17:19:23+00:00
3795,KPVD,large_airport,"Theodore Francis Green State Airport",41.725038,-71.425668,55,NA,"United States",US,"Rhode Island",US-RI,RI,Warwick,1,KPVD,KPVD,PVD,PVD,https://flyri.com/,https://en.wikipedia.org/wiki/T._F._Green_Airport,,1050,2023-06-22T11:58:53+00:00
2775,FACT,large_airport,"Cape Town International Airport",-33.9648017883,18.6016998291,151,AF,"South Africa",ZA,"Western Cape",ZA-WC,WC,"Cape Town",1,FACT,FACT,CPT,,http://www.airports.co.za/home.asp?pid=229,https://en.wikipedia.org/wiki/Cape_Town_International_Airport,"Kaapstad Internasionale Lughawe, CTIA, DF Malan Airport",51275,2013-12-06T22:30:37+00:00
2222,EDDS,large_airport,"Stuttgart Airport",48.689899,9.22196,1276,EU,Germany,DE,Baden-Württemberg,DE-BW,BW,Stuttgart,1,EDDS,EDDS,STR,,http://www.flughafen-stuttgart.de/,https://en.wikipedia.org/wiki/Stuttgart_Airport,,51275,2023-12-04T20:25:01+00:00
2758,EVRA,large_airport,"Riga International Airport",56.923599,23.9711,36,EU,Latvia,LV,"Mārupe Municipality",LV-062,062,Riga,1,EVRA,EVRA,RIX,,http://www.riga-airport.com/,https://en.wikipedia.org/wiki/Riga_International_Airport,,1275,2022-03-25T18:42:35+00:00
4341,LIME,large_airport,"Milan Bergamo Airport / Antonio Locatelli Air Base",45.670725,9.709223,782,EU,Italy,IT,Lombardy,IT-25,25,"Orio al Serio (BG)",1,LIME,LIME,BGY,BG01,http://www.sacbo.it/,https://en.wikipedia.org/wiki/Orio_al_Serio_International_Airport,"Bergamo Orio al Serio Airport, Il Caravaggio International Airport",1050,2023-11-18T19:07:46+00:00
1717,CYEG,large_airport,"Edmonton International Airport",53.3097,-113.580002,2373,NA,Canada,CA,Alberta,CA-AB,AB,Edmonton,1,CYEG,CYEG,YEG,CYEG,http://www.edmontonairports.com/,https://en.wikipedia.org/wiki/Edmonton_International_Airport,,1475,2023-02-26T00:11:13+00:00
3644,KLGB,medium_airport,"Long Beach Airport (Daugherty Field)",33.816523,-118.149891,60,NA,"United States",US,California,US-CA,CA,"Long Beach",1,KLGB,KLGB,LGB,LGB,http://www.lgb.org/,https://en.wikipedia.org/wiki/Long_Beach_Airport,"Daugherty Field",750,2022-10-18T11:17:08+00:00
3847,KRIC,large_airport,"Richmond International Airport",37.505199,-77.319702,167,NA,"United States",US,Virginia,US-VA,VA,Richmond,1,KRIC,KRIC,RIC,RIC,https://flyrichmond.com/,https://en.wikipedia.org/wiki/Richmond_International_Airport,,1475,2024-04-29T19:03:07+00:00
4459,LPPR,large_airport,"Francisco de Sá Carneiro Airport",41.2481002808,-8.68138980865,228,EU,Portugal,PT,"Oporto District",PT-13,13,Porto,1,LPPR,LPPR,OPO,,http://www.ana.pt/en-US/Aeroportos/porto/Porto/Pages/Homepage-Porto.aspx,https://en.wikipedia.org/wiki/Francisco_S%C3%A1_Carneiro_Airport,,1150,2015-08-27T10:05:51+00:00
1946,CYWG,large_airport,"Winnipeg / James Armstrong Richardson International Airport",49.909999847399995,-97.2398986816,783,NA,Canada,CA,Manitoba,CA-MB,MB,Winnipeg,1,CYWG,CYWG,YWG,YWG,http://www.waa.ca/,https://en.wikipedia.org/wiki/Winnipeg_James_Armstrong_Richardson_International_Airport,"CFB Winnipeg",1275,2014-03-18T21:49:35+00:00
3864,KSAV,large_airport,"Savannah Hilton Head International Airport",32.127602,-81.202103,50,NA,"United States",US,Georgia,US-GA,GA,Savannah,1,KSAV,KSAV,SAV,SAV,https://savannahairport.com/,https://en.wikipedia.org/wiki/Savannah/Hilton_Head_International_Airport,,1275,2024-04-29T19:03:33+00:00
2570,ENBR,large_airport,"Bergen Airport, Flesland",60.2934,5.21814,170,EU,Norway,NO,Vestland,NO-46,46,Bergen,1,ENBR,ENBR,BGO,,http://www.avinor.no/en/airport/bergen,https://en.wikipedia.org/wiki/Bergen_Airport%2C_Flesland,,1275,2021-10-02T10:38:00+00:00
1770,CYHZ,large_airport,"Halifax / Stanfield International Airport",44.8807983398,-63.5085983276,477,NA,Canada,CA,"Nova Scotia",CA-NS,NS,Halifax,1,CYHZ,CYHZ,YHZ,,http://www.hiaa.ca/,https://en.wikipedia.org/wiki/Halifax_International_Airport,"Robert L. Stanfield International Airport",1275,2010-09-27T23:27:43+00:00
3406,KBHM,medium_airport,"Birmingham-Shuttlesworth International Airport",33.562901,-86.753502,650,NA,"United States",US,Alabama,US-AL,AL,Birmingham,1,KBHM,KBHM,BHM,BHM,http://www.flybirmingham.com/,https://en.wikipedia.org/wiki/Birmingham_International_Airport_(US),,750,2021-11-21T15:02:17+00:00
5448,PHKO,medium_airport,"Ellison Onizuka Kona International Airport at Keahole",19.738783,-156.045603,47,NA,"United States",US,Hawaii,US-HI,HI,Kailua-Kona,1,PHKO,PHKO,KOA,KOA,https://airports.hawaii.gov/koa/,https://en.wikipedia.org/wiki/Kona_International_Airport,,750,2024-05-09T15:29:59+00:00
3858,KRSW,large_airport,"Southwest Florida International Airport",26.53619956970215,-81.75520324707031,30,NA,"United States",US,Florida,US-FL,FL,"Fort Myers",1,KRSW,KRSW,RSW,RSW,http://www.flylcpa.com/,https://en.wikipedia.org/wiki/Southwest_Florida_International_Airport,,51150,2009-04-15T21:59:48+00:00
4482,LROP,large_airport,"Bucharest Henri Coandă International Airport",44.572127,26.103396,314,EU,Romania,RO,"Ilfov County",RO-IF,IF,Otopeni,1,LROP,LROP,OTP,,http://www.bucharestairports.ro/en/,https://en.wikipedia.org/wiki/Henri_Coand%C4%83_International_Airport,"BUH, Otopeni Airport, RoAF 90th Airlift Base",1675,2023-12-04T20:30:49+00:00
4258,LGIR,large_airport,"Heraklion International Nikos Kazantzakis Airport",35.339699,25.1803,115,EU,Greece,GR,Crete,GR-M,M,Heraklion,1,LGIR,LGIR,HER,,https://www.heraklion-airport.gr/en/,"https://en.wikipedia.org/wiki/Heraklion_International_Airport_""Nikos_Kazantzakis""","Crete Island",1200,2025-03-02T08:27:27+00:00
2609,EPKK,large_airport,"Kraków John Paul II International Airport",50.077702,19.7848,791,EU,Poland,PL,"Lesser Poland Voivodeship",PL-MA,MA,Balice,1,EPKK,EPKK,KRK,,http://www.krakowairport.pl/en/,https://en.wikipedia.org/wiki/Kraków_John_Paul_II_International_Airport,Krakov,1150,2023-12-02T17:03:47+00:00
4793,MPTO,large_airport,"Tocumen International Airport",9.07136,-79.383499,135,NA,Panama,PA,"Panamá Province",PA-8,8,Tocumen,1,MPTO,MPTO,PTY,,https://www.tocumenpanama.aero/,https://en.wikipedia.org/wiki/Tocumen_International_Airport,"La Joya No 1",1050,2024-04-29T19:09:59+00:00
3371,KALB,medium_airport,"Albany International Airport",42.74829864501953,-73.80169677734375,285,NA,"United States",US,"New York",US-NY,NY,Albany,1,KALB,KALB,ALB,ALB,http://www.albanyairport.com/,https://en.wikipedia.org/wiki/Albany_International_Airport,,750,2008-06-13T14:30:04+00:00
3752,KONT,large_airport,"Ontario International Airport",34.056,-117.600998,944,NA,"United States",US,California,US-CA,CA,Ontario,1,KONT,KONT,ONT,ONT,https://www.flyontario.com/,https://en.wikipedia.org/wiki/LA/Ontario_International_Airport,,1475,2024-04-29T19:00:26+00:00
4810,MROC,large_airport,"Juan Santamaría International Airport",9.99386,-84.208801,3021,NA,"Costa Rica",CR,"Alajuela Province",CR-A,A,"San José (Alajuela)",1,MROC,MROC,SJO,,https://www.sjoairport.com/,https://en.wikipedia.org/wiki/Juan_Santamar%C3%ADa_International_Airport,,1000,2025-03-20T00:27:17+00:00
26674,VTSP,large_airport,"Phuket International Airport",8.1132,98.316902,82,AS,Thailand,TH,"Phuket Province",TH-83,83,Phuket,1,VTSP,VTSP,HKT,,https://phuket.airportthai.co.th/,https://en.wikipedia.org/wiki/Phuket_International_Airport,,1050,2025-02-18T20:51:59+00:00
3421,KBOI,medium_airport,"Boise Air Terminal/Gowen Field",43.5644,-116.223,2871,NA,"United States",US,Idaho,US-ID,ID,Boise,1,KBOI,KBOI,BOI,BOI,http://www.cityofboise.org/departments/airport/,https://en.wikipedia.org/wiki/Boise_Airport,"Boise Air Terminal, Gowen Field",750,2021-11-21T15:02:39+00:00
4370,LIRA,medium_airport,"Ciampino–G. B. Pastine International Airport",41.7994,12.5949,427,EU,Italy,IT,Lazio,IT-62,62,Rome,1,LIRA,LIRA,CIA,RM12,,https://en.wikipedia.org/wiki/Ciampino%E2%80%93G._B._Pastine_International_Airport,"ROM, Giovan Battista Pastine Airport",750,2021-10-17T20:37:50+00:00
3589,KHPN,medium_airport,"Westchester County Airport",41.06700134277344,-73.70760345458984,439,NA,"United States",US,"New York",US-NY,NY,"White Plains",1,KHPN,KHPN,HPN,HPN,,https://en.wikipedia.org/wiki/Westchester_County_Airport,"Manhattan, New York City, NYC",750,2008-06-13T14:30:04+00:00
26708,VVTS,large_airport,"Tan Son Nhat International Airport",10.8188,106.652,33,AS,Vietnam,VN,"Southeast Region",VN-SE,SE,"Ho Chi Minh City",1,VVTS,VVTS,SGN,,http://www.tsnairport.hochiminhcity.gov.vn/,https://en.wikipedia.org/wiki/Tan_Son_Nhat_International_Airport,"Tansonnhat, Sài Gòn, Saigon, Sân bay Quốc tế Tân Sơn Nhất, Tan Son Nhut Air Base, Tan Son Nhut Airfield",51275,2022-01-10T18:36:21+00:00
3980,LCLK,large_airport,"Larnaca International Airport",34.875099,33.624901,8,AS,Cyprus,CY,"Larnaca District",CY-04,04,Larnaca,1,LCLK,LCLK,LCA,,http://www.cyprusairports.com.cy/showpage.php?PageID=2,https://en.wikipedia.org/wiki/Larnaca_International_Airport,"Διεθνές Aεροδρόμιο Λάρνακας",1200,2021-04-27T14:49:45+00:00
5536,RJBB,large_airport,"Kansai International Airport",34.427299,135.244003,26,AS,Japan,JP,"Ōsaka Prefecture",JP-27,27,Osaka,1,RJBB,RJBB,KIX,,http://www.kansai-airport.or.jp/en/index.asp,https://en.wikipedia.org/wiki/Kansai_International_Airport,OSA,1023275,2021-04-10T17:18:28+00:00
3083,GCTS,large_airport,"Tenerife Sur Airport",28.0445,-16.5725,209,AF,Spain,ES,"Canary Islands",ES-CN,CN,Tenerife,1,GCTS,GCTS,TFS,,https://www.aena.es/en/tenerife-sur.html,https://en.wikipedia.org/wiki/Tenerife%E2%80%93South_Airport,"Canary Islands, Reina Sofía, TCI, Tenerife South",1010675,2022-11-01T17:26:25+00:00
26835,WIII,large_airport,"Soekarno-Hatta International Airport",-6.1255698204,106.65599823,34,AS,Indonesia,ID,Banten,ID-BT,BT,Jakarta,1,WIII,WIII,CGK,,http://www.jakartasoekarnohattaairport.com/,https://en.wikipedia.org/wiki/Soekarno-Hatta_International_Airport,"JKT, Cengkareng, Java",51600,2013-02-07T12:57:41+00:00
4515,LTAI,large_airport,"Antalya International Airport",36.898701,30.800501,177,AS,Turkey,TR,"Antalya Province",TR-07,07,Antalya,1,LTAI,LTAI,AYT,,http://www.antalya.dhmi.gov.tr/havaalanlari/default.aspx?hv=4,https://en.wikipedia.org/wiki/Antalya_Airport,,51150,2016-05-20T02:42:02+00:00
3913,KSYR,large_airport,"Syracuse Hancock International Airport",43.11119842529297,-76.1063003540039,421,NA,"United States",US,"New York",US-NY,NY,Syracuse,1,KSYR,KSYR,SYR,SYR,http://www.syrairport.org/,https://en.wikipedia.org/wiki/Syracuse_Hancock_International_Airport,,1275,2009-07-11T20:52:07+00:00
4610,LYBE,large_airport,"Belgrade Nikola Tesla Airport",44.818401,20.309099,335,EU,Serbia,RS,"Beograd (city)",RS-00,00,Belgrade,1,LYBE,LYBE,BEG,,http://www.beg.aero/,https://en.wikipedia.org/wiki/Belgrade_Nikola_Tesla_Airport,"Beograd, Surčin Airport",1275,2022-09-07T22:08:10+00:00
4448,LPFR,large_airport,"Faro Airport",37.0144004822,-7.96590995789,24,EU,Portugal,PT,"Faro District",PT-08,08,Faro,1,LPFR,LPFR,FAO,,http://www.ana.pt/en-US/Aeroportos/algarve/Faro/Pages/HomeFaro.aspx,https://en.wikipedia.org/wiki/Faro_Airport_(Portugal),,1150,2015-08-27T10:07:07+00:00
2157,EBCI,medium_airport,"Brussels South Charleroi Airport",50.460982,4.457158,614,EU,Belgium,BE,"Hainaut Province",BE-WHT,WHT,Charleroi,1,EBCI,EBCI,CRL,,http://www.charleroi-airport.com/doc.php?nd=o29&tid=29&lg=2&docid=1&site=1,https://en.wikipedia.org/wiki/Brussels_South_Charleroi_Airport,"Gosselies Airport",750,2023-11-04T10:24:45+00:00
4354,LIPE,large_airport,"Bologna Guglielmo Marconi Airport",44.5354,11.2887,123,EU,Italy,IT,Emilia-Romagna,IT-45,45,Bologna,1,LIPE,LIPE,BLQ,BO08,http://www.bologna-airport.it/?LN=UK,https://en.wikipedia.org/wiki/Bologna_Airport,"Guglielmo Marconi Airport, Borgo Panigale Airport",1200,2022-09-29T09:23:14+00:00
3566,KGRR,medium_airport,"Gerald R. Ford International Airport",42.88079834,-85.52279663,794,NA,"United States",US,Michigan,US-MI,MI,"Grand Rapids",1,KGRR,KGRR,GRR,GRR,,https://en.wikipedia.org/wiki/Gerald_R._Ford_International_Airport,,750,2010-01-23T11:27:52+00:00
3206,HKJK,large_airport,"Jomo Kenyatta International Airport",-1.31923997402,36.9277992249,5330,AF,Kenya,KE,"Nairobi Province",KE-110,110,Nairobi,1,HKJK,HKJK,NBO,,http://www.kenyaairports.com/jkia/IndexJkia.php,https://en.wikipedia.org/wiki/Jomo_Kenyatta_International_Airport,"Jkia Airport, Embakasi Airport, Nairobi International Airport",1200,2014-03-14T11:29:28+00:00
3997,LEAL,large_airport,"Alicante-Elche Miguel Hernández Airport",38.2822,-0.558156,142,EU,Spain,ES,"Valencia (community)",ES-VC,VC,Alicante,1,LEAL,LEAL,ALC,,https://www.aena.es/en/alicante-elche.html,https://en.wikipedia.org/wiki/Alicante–Elche_Miguel_Hernández_Airport,,51150,2025-03-04T09:10:52+00:00
3115,GMMX,large_airport,"Menara Airport",31.606899,-8.0363,1545,AF,Morocco,MA,"Marrakech-Safi Region",MA-07,07,Marrakech,1,GMMX,GMMX,RAK,,,https://en.wikipedia.org/wiki/Menara_International_Airport,"Marakesh, Marrakesh",1000,2025-02-20T18:10:58+00:00
3496,KDSM,medium_airport,"Des Moines International Airport",41.534,-93.663101,958,NA,"United States",US,Iowa,US-IA,IA,"Des Moines",1,KDSM,KDSM,DSM,DSM,,https://en.wikipedia.org/wiki/Des_Moines_International_Airport,,750,2021-08-08T06:02:23+00:00
3757,KOSH,medium_airport,"Wittman Regional Airport",43.98440170288086,-88.55699920654297,808,NA,"United States",US,Wisconsin,US-WI,WI,Oshkosh,0,KOSH,KOSH,OSH,OSH,http://www.wittmanairport.com/,https://en.wikipedia.org/wiki/Wittman_Regional_Airport,,375,2008-06-13T14:30:04+00:00
3605,KICT,medium_airport,"Wichita Eisenhower National Airport",37.649899,-97.433098,1333,NA,"United States",US,Kansas,US-KS,KS,Wichita,1,KICT,KICT,ICT,ICT,,https://en.wikipedia.org/wiki/Wichita_Dwight_D._Eisenhower_National_Airport,,750,2021-07-31T17:52:14+00:00
3984,LDDU,medium_airport,"Dubrovnik Ruđer Bošković Airport",42.562247,18.265543,527,EU,Croatia,HR,"Dubrovnik-Neretva County",HR-19,19,Čilipi,1,LDDU,LDDU,DBV,,,https://en.wikipedia.org/wiki/Dubrovnik_Airport,,750,2023-12-01T16:43:48+00:00
3855,KROC,medium_airport,"Frederick Douglass Greater Rochester International Airport",43.1189,-77.672401,559,NA,"United States",US,"New York",US-NY,NY,Rochester,1,KROC,KROC,ROC,ROC,https://rocairport.com/,https://en.wikipedia.org/wiki/Greater_Rochester_International_Airport,,750,2022-06-05T00:05:59+00:00
3481,KDAY,medium_airport,"James M Cox Dayton International Airport",39.902401,-84.219398,1009,NA,"United States",US,Ohio,US-OH,OH,Dayton,1,KDAY,KDAY,DAY,DAY,,https://en.wikipedia.org/wiki/Dayton_International_Airport,,750,2021-11-20T16:28:58+00:00
3930,KTUL,large_airport,"Tulsa International Airport",36.19839859008789,-95.88809967041016,677,NA,"United States",US,Oklahoma,US-OK,OK,Tulsa,1,KTUL,KTUL,TUL,TUL,,https://en.wikipedia.org/wiki/Tulsa_International_Airport,,1475,2008-06-13T14:30:04+00:00
3707,KMSN,medium_airport,"Dane County Regional Truax Field",43.1399,-89.337502,887,NA,"United States",US,Wisconsin,US-WI,WI,Madison,1,KMSN,KMSN,MSN,MSN,,https://en.wikipedia.org/wiki/Dane_County_Regional_Airport,,750,2022-03-04T14:34:33+00:00
3463,KCOS,medium_airport,"City of Colorado Springs Municipal Airport",38.805801,-104.700996,6187,NA,"United States",US,Colorado,US-CO,CO,"Colorado Springs",1,KCOS,KCOS,COS,COS,https://flycos.coloradosprings.gov/,https://en.wikipedia.org/wiki/Colorado_Springs_Airport,,750,2021-11-22T14:14:00+00:00
3552,KGEG,medium_airport,"Spokane International Airport",47.6199,-117.533997,2376,NA,"United States",US,Washington,US-WA,WA,Spokane,1,KGEG,KGEG,GEG,GEG,https://spokaneairports.net/,https://en.wikipedia.org/wiki/Spokane_International_Airport,,750,2024-04-29T18:55:53+00:00
3796,KPWM,large_airport,"Portland International Jetport",43.646198,-70.309303,76,NA,"United States",US,Maine,US-ME,ME,Portland,1,KPWM,KPWM,PWM,PWM,https://portlandjetport.org/,https://en.wikipedia.org/wiki/Portland_International_Jetport,,1275,2023-06-22T11:58:25+00:00
6104,SKBO,large_airport,"El Dorado International Airport",4.70159,-74.1469,8361,SA,Colombia,CO,"Bogotá Capital District",CO-DC,DC,Bogota,1,SKBO,SKBO,BOG,BOG,https://eldorado.aero/,https://en.wikipedia.org/wiki/El_Dorado_International_Airport,Cundinamarca,51275,2024-04-22T14:10:17+00:00
4155,LFML,large_airport,"Marseille Provence Airport",43.438088,5.2125,74,EU,France,FR,Provence-Alpes-Côte-d'Azur,FR-PAC,PAC,"Marignane, Bouches-du-Rhône",1,LFML,LFML,MRS,,https://www.marseille.aeroport.fr/,https://en.wikipedia.org/wiki/Marseille_Provence_Airport,,1375,2024-08-01T13:51:14+00:00
3645,KLIT,medium_airport,"Bill & Hillary Clinton National Airport/Adams Field",34.729582,-92.223728,262,NA,"United States",US,Arkansas,US-AR,AR,"Little Rock",1,KLIT,KLIT,LIT,LIT,,https://en.wikipedia.org/wiki/Little_Rock_National_Airport,,750,2021-11-20T16:32:41+00:00
3993,LDZA,large_airport,"Zagreb Franjo Tuđman International Airport",45.742901,16.0688,353,EU,Croatia,HR,"Zagreb County",HR-01,01,"Velika Gorica",1,LDZA,LDZA,ZAG,,https://www.zagreb-airport.hr/en,https://en.wikipedia.org/wiki/Zagreb_Airport,Pleso,1275,2024-07-26T21:50:59+00:00
317457,LTFM,large_airport,"İstanbul Airport",41.261297,28.741951,325,EU,Turkey,TR,"İstanbul Province",TR-34,34,"Arnavutköy, Istanbul",1,LTFM,LTFM,IST,,http://www.igairport.com/en,https://en.wikipedia.org/wiki/Istanbul_Airport,,1000,2022-02-24T10:22:37+00:00
4636,MDPC,large_airport,"Punta Cana International Airport",18.5674,-68.363403,47,NA,"Dominican Republic",DO,"La Altagracia Province",DO-11,11,"Punta Cana",1,MDPC,MDPC,PUJ,,https://www.puntacanainternationalairport.com/,https://en.wikipedia.org/wiki/Punta_Cana_International_Airport,,1000,2024-04-29T19:07:14+00:00
4951,MYNN,large_airport,"Lynden Pindling International Airport",25.039,-77.466202,16,NA,Bahamas,BS,"New Providence",BS-NP,NP,Nassau,1,MYNN,MYNN,NAS,,http://www.nas.bs/,https://en.wikipedia.org/wiki/Lynden_Pindling_International_Airport,"Nassau International Airport",1050,2019-06-16T10:45:32+00:00
1864,CYQB,large_airport,"Quebec Jean Lesage International Airport",46.7911,-71.393303,244,NA,Canada,CA,Quebec,CA-QC,QC,Quebec,1,CYQB,CYQB,YQB,YQB,http://www.aeroportdequebec.com/,https://en.wikipedia.org/wiki/Qu%C3%A9bec/Jean_Lesage_International_Airport,"Quebec City",1050,2021-11-20T16:11:26+00:00
2648,ESGG,large_airport,"Göteborg Landvetter Airport",57.6628,12.2798,506,EU,Sweden,SE,"Västra Götalands län",SE-Q,Q,Göteborg,1,ESGG,ESGG,GOT,,https://www.swedavia.com/landvetter/,https://en.wikipedia.org/wiki/G%C3%B6teborg_Landvetter_Airport,"Göteborg-Landvetter, Gothenburg",1275,2024-07-02T09:51:58+00:00
3430,KBTV,medium_airport,"Burlington International Airport",44.471901,-73.153297,335,NA,"United States",US,Vermont,US-VT,VT,"South Burlington",1,KBTV,KBTV,BTV,BTV,http://www.vermontairports.com/btv.html,https://en.wikipedia.org/wiki/Burlington_International_Airport,,750,2022-03-08T12:29:11+00:00
3684,KMHT,medium_airport,"Manchester-Boston Regional Airport",42.932598,-71.435699,266,NA,"United States",US,"New Hampshire",US-NH,NH,Manchester,1,KMHT,KMHT,MHT,MHT,,https://en.wikipedia.org/wiki/Manchester-Boston_Regional_Airport,,599,2021-08-01T05:28:18+00:00
4378,LIRN,large_airport,"Naples International Airport",40.886002,14.2908,294,EU,Italy,IT,Campania,IT-72,72,Napoli,1,LIRN,LIRN,NAP,NA01,http://www.portal.gesac.it/,https://en.wikipedia.org/wiki/Naples_International_Airport,"Capodichino Airport, Aeroporto Internazionale di Napoli-Capodichino Ugo Niutta, Ariopuorto 'nternazziunale 'e Napule-Capodichino Ugo Niutta",1275,2022-11-19T10:15:26+00:00
4226,LFSB,large_airport,"EuroAirport Basel-Mulhouse-Freiburg",47.60068,7.521117,885,EU,France,FR,"Grand Est",FR-GES,GES,Saint-Louis,1,LFSB,LFSB,BSL,,http://www.euroairport.com/,https://en.wikipedia.org/wiki/EuroAirport_Basel-Mulhouse-Freiburg,"MLH, EAP, LSZM, Bâle, Basle",1050,2024-05-14T11:04:11+00:00
4070,LFBO,large_airport,"Toulouse-Blagnac Airport",43.629101,1.36382,499,EU,France,FR,Occitanie,FR-OCC,OCC,Toulouse/Blagnac,1,LFBO,LFBO,TLS,,http://www.toulouse.aeroport.fr/,https://en.wikipedia.org/wiki/Toulouse_Blagnac_International_Airport,,1675,2016-07-17T15:22:33+00:00
5026,NZCH,large_airport,"Christchurch International Airport",-43.489029,172.532065,123,OC,"New Zealand",NZ,"Canterbury Region",NZ-CAN,CAN,Christchurch,1,NZCH,NZCH,CHC,,http://www.christchurchairport.co.nz/,https://en.wikipedia.org/wiki/Christchurch_International_Airport,,1275,2025-03-28T22:47:19+00:00
3938,KTYS,medium_airport,"McGhee Tyson Airport",35.811001,-83.994003,981,NA,"United States",US,Tennessee,US-TN,TN,Alcoa,1,KTYS,KTYS,TYS,TYS,,https://en.wikipedia.org/wiki/McGhee_Tyson_Airport,Knoxville,750,2022-09-26T00:02:27+00:00
4569,LTFJ,large_airport,"Istanbul Sabiha Gökçen International Airport",40.898602,29.3092,312,AS,Turkey,TR,"İstanbul Province",TR-34,34,"Pendik, Istanbul",1,LTFJ,LTFJ,SAW,,http://www.sgairport.com/,https://en.wikipedia.org/wiki/Istanbul_Sabiha_G%C3%B6k%C3%A7en_International_Airport,"Sabiha Gökçen Havalimanı",1275,2023-12-05T19:52:55+00:00
27119,YPPH,large_airport,"Perth International Airport",-31.94029998779297,115.96700286865234,67,OC,Australia,AU,"Western Australia",AU-WA,WA,Perth,1,YPPH,YPPH,PER,,,https://en.wikipedia.org/wiki/Perth_Airport,,51375,2008-06-26T14:52:34+00:00
26394,UUDD,large_airport,"Domodedovo International Airport",55.408798,37.9063,588,EU,Russia,RU,"Moscow Oblast",RU-MOS,MOS,Moscow,1,UUDD,UUDD,DME,,http://www.domodedovo.ru/en/,https://en.wikipedia.org/wiki/Domodedovo_International_Airport,"MOW, Аэропорт Домоде́дово",51200,2024-05-24T17:50:28+00:00
26700,VVNB,large_airport,"Noi Bai International Airport",21.221201,105.806999,39,AS,Vietnam,VN,"Red River Delta Region",VN-RRD,RRD,"Hanoi (Soc Son)",1,VVNB,VVNB,HAN,,,https://en.wikipedia.org/wiki/Noi_Bai_International_Airport,"Noibai Airport, Sân bay Quốc tế Nội Bài",1150,2022-09-23T10:15:29+00:00
26904,YBCS,medium_airport,"Cairns International Airport",-16.885799408,145.755004883,10,OC,Australia,AU,Queensland,AU-QLD,QLD,Cairns,1,YBCS,YBCS,CNS,,,https://en.wikipedia.org/wiki/Cairns_International_Airport,,750,2010-08-29T23:17:14+00:00
4745,MMPR,large_airport,"Puerto Vallarta International Airport",20.679913,-105.254391,23,NA,Mexico,MX,Jalisco,MX-JAL,JAL,"Puerto Vallarta",1,MMPR,MMPR,PVR,,https://thepuertovallartaairport.com/,https://en.wikipedia.org/wiki/Lic._Gustavo_D%C3%ADaz_Ordaz_International_Airport,"Licenciado Gustavo Díaz Ordaz",1150,2024-09-09T05:11:38+00:00
2301,EETN,large_airport,"Lennart Meri Tallinn Airport",59.413246,24.83264,131,EU,Estonia,EE,"Harju County",EE-37,37,Tallinn,1,EETN,EETN,TLL,,http://www.tallinn-airport.ee/eng,https://en.wikipedia.org/wiki/Tallinn_Airport,,1150,2024-07-21T19:54:20+00:00
3792,KPSP,medium_airport,"Palm Springs International Airport",33.8297,-116.507004,477,NA,"United States",US,California,US-CA,CA,"Palm Springs",1,KPSP,KPSP,PSP,PSP,http://www.palmspringsca.gov/index.aspx?page=270,https://en.wikipedia.org/wiki/Palm_Springs_International_Airport,"Palm Springs Air Base",750,2021-04-19T16:07:50+00:00
2537,EINN,large_airport,"Shannon Airport",52.702,-8.92482,46,EU,Ireland,IE,"County Clare",IE-CE,CE,Shannon,1,EINN,EINN,SNN,,http://www.shannonairport.com/,https://en.wikipedia.org/wiki/Shannon_Airport,,1275,2019-01-15T07:31:08+00:00
4839,MUHA,large_airport,"José Martí International Airport",22.989200592041016,-82.40910339355469,210,NA,Cuba,CU,"La Habana Province",CU-03,03,Havana,1,MUHA,MUHA,HAV,,,https://en.wikipedia.org/wiki/Jos%C3%A9_Mart%C3%AD_International_Airport,Habana,1200,2008-06-13T14:30:04+00:00
5449,PHLI,medium_airport,"Lihue Airport",21.976,-159.339005,153,OC,"United States",US,Hawaii,US-HI,HI,Lihue,1,PHLI,PHLI,LIH,LIH,,https://en.wikipedia.org/wiki/Lihu'e_Airport,,750,2022-03-08T16:02:06+00:00
4042,LEVC,medium_airport,"Valencia Airport",39.4893,-0.481625,240,EU,Spain,ES,"Valencia (community)",ES-VC,VC,Valencia,1,LEVC,LEVC,VLC,,https://www.aena.es/en/valencia.html,https://en.wikipedia.org/wiki/Valencia_Airport,,750,2021-10-07T11:35:53+00:00
3522,KEYW,medium_airport,"Key West International Airport",24.556101,-81.759598,3,NA,"United States",US,Florida,US-FL,FL,"Key West",1,KEYW,KEYW,EYW,EYW,,https://en.wikipedia.org/wiki/Key_West_International_Airport,,750,2021-07-31T17:28:00+00:00
3569,KGSP,medium_airport,"Greenville Spartanburg International Airport",34.895699,-82.218903,964,NA,"United States",US,"South Carolina",US-SC,SC,Greer,1,KGSP,KGSP,GSP,GSP,,https://en.wikipedia.org/wiki/Greenville-Spartanburg_International_Airport,,750,2021-11-20T16:24:51+00:00
3866,KSBA,medium_airport,"Santa Barbara Municipal Airport",34.426201,-119.839996,13,NA,"United States",US,California,US-CA,CA,"Santa Barbara",1,KSBA,KSBA,SBA,SBA,,https://en.wikipedia.org/wiki/Santa_Barbara_Airport,,750,2024-04-02T16:41:58+00:00
1979,CYYJ,medium_airport,"Victoria International Airport",48.647201,-123.427792,63,NA,Canada,CA,"British Columbia",CA-BC,BC,Victoria,1,CYYJ,CYYJ,YYJ,,http://www.victoriaairport.com/,https://en.wikipedia.org/wiki/Victoria_International_Airport,,750,2024-04-03T19:23:02+00:00
2518,EHEH,large_airport,"Eindhoven Airport",51.4500999451,5.37452983856,74,EU,Netherlands,NL,Noord-Brabant,NL-NB,NB,Eindhoven,1,EHEH,EHEH,EIN,,http://www.eindhovenairport.nl/,https://en.wikipedia.org/wiki/Eindhoven_Airport,"Welschap Airport",1275,2011-10-05T23:33:44+00:00
4379,LIRP,large_airport,"Pisa International Airport",43.683899,10.3927,6,EU,Italy,IT,Tuscany,IT-52,52,"Pisa (PI)",1,LIRP,LIRP,PSA,PI05,http://www.pisa-airport.com/,https://en.wikipedia.org/wiki/Pisa_International_Airport,"Galileo Galilei Airport, San Giusto Airport",1200,2024-10-30T09:16:04+00:00
3977,LBSF,large_airport,"Sofia Airport",42.696357,23.417671,1742,EU,Bulgaria,BG,"Sofia City Province",BG-22,22,Sofia,1,LBSF,LBSF,SOF,,http://sofia-airport.bg,https://en.wikipedia.org/wiki/Sofia_Airport,"Sofia International Airport, Vrazhdebna Air Base",1150,2023-10-28T15:10:51+00:00
2417,EGGD,medium_airport,"Bristol Airport",51.382702,-2.71909,622,EU,"United Kingdom",GB,England,GB-ENG,ENG,Bristol,1,EGGD,EGGD,BRS,,http://www.bristolairport.co.uk/,https://en.wikipedia.org/wiki/Bristol_Airport,"Lulsgate Bottom",750,2025-02-24T18:58:41+00:00
2563,ELLX,large_airport,"Luxembourg-Findel International Airport",49.6233333,6.2044444,1234,EU,Luxembourg,LU,Luxembourg,LU-L,L,Luxembourg,1,ELLX,ELLX,LUX,,http://www.lux-airport.lu/en/,https://en.wikipedia.org/wiki/Luxembourg-Findel_International_Airport,,1275,2016-08-22T00:56:12+00:00
3640,KLEX,medium_airport,"Blue Grass Airport",38.036499,-84.605904,979,NA,"United States",US,Kentucky,US-KY,KY,Lexington,1,KLEX,KLEX,LEX,LEX,http://www.bluegrassairport.com/,https://en.wikipedia.org/wiki/Blue_Grass_Airport,,750,2021-11-20T15:25:26+00:00
6489,ULLI,large_airport,"Pulkovo Airport",59.800301,30.262501,78,EU,Russia,RU,"Saint Petersburg (city)",RU-SPE,SPE,"St. Petersburg",1,ULLI,ULLI,LED,,https://pulkovoairport.ru/,https://en.wikipedia.org/wiki/Pulkovo_Airport,"Аэропо́рт Пу́лково, Leningrad, Shosseynaya Airport, Saint Petersburg, Petrograd",1200,2024-05-24T16:44:09+00:00
4137,LFLL,large_airport,"Lyon Saint-Exupéry Airport",45.725996,5.090139,821,EU,France,FR,Auvergne-Rhône-Alpes,FR-ARA,ARA,"Colombier-Saugnieu, Rhône",1,LFLL,LFLL,LYS,,https://www.lyonaeroports.com/,https://en.wikipedia.org/wiki/Lyon%E2%80%93Saint-Exup%C3%A9ry_Airport,"Lyon, Saint-Exupéry, Satolas",1000,2024-08-01T13:01:28+00:00
3568,KGSO,medium_airport,"Piedmont Triad International Airport",36.097801,-79.937302,925,NA,"United States",US,"North Carolina",US-NC,NC,Greensboro,1,KGSO,KGSO,GSO,GSO,,https://en.wikipedia.org/wiki/Piedmont_Triad_International_Airport,,750,2021-11-20T16:25:34+00:00
4049,LEZL,medium_airport,"Sevilla Airport",37.417999,-5.89311,112,EU,Spain,ES,Andalucía,ES-AN,AN,Sevilla,1,LEZL,LEZL,SVQ,,https://www.aena.es/en/seville.html,https://en.wikipedia.org/wiki/San_Pablo_Airport,,750,2024-09-15T09:03:48+00:00
3113,GMMN,large_airport,"Mohammed V International Airport",33.3675,-7.58997,656,AF,Morocco,MA,"Casablanca-Settat Region",MA-06,06,Casablanca,1,GMMN,GMMN,CMN,,http://www.onda.ma/ONDA/Fr/Espaces/EspacePassagers/LeReseauAeroportuaireONDA/Lesaeroports/Fiches+d%E2%80%99identit%C3%A9+par+a%C,https://en.wikipedia.org/wiki/Mohammed_V_International_Airport,"CAS, Casabianca, Nouasseur",1200,2023-12-04T20:37:30+00:00
4681,MKJS,medium_airport,"Sangster International Airport",18.5037,-77.913399,4,NA,Jamaica,JM,"Saint James Parish",JM-08,08,"Montego Bay",1,MKJS,MKJS,MBJ,,https://www.mbjairport.com/,https://en.wikipedia.org/wiki/Sangster_International_Airport,,750,2024-05-09T15:19:05+00:00
3924,KTLH,medium_airport,"Tallahassee Regional Airport",30.3965,-84.350304,81,NA,"United States",US,Florida,US-FL,FL,Tallahassee,1,KTLH,KTLH,TLH,TLH,,https://en.wikipedia.org/wiki/Tallahassee_Regional_Airport,,750,2021-11-20T15:24:50+00:00
3783,KPNS,medium_airport,"Pensacola International Airport",30.4734,-87.1866,121,NA,"United States",US,Florida,US-FL,FL,Pensacola,1,KPNS,KPNS,PNS,PNS,http://www.flypensacola.com/,https://en.wikipedia.org/wiki/Pensacola_Regional_Airport,,750,2019-11-07T18:53:05+00:00
2219,EDDN,large_airport,"Nuremberg Airport",49.498699,11.078056,1046,EU,Germany,DE,Bavaria,DE-BY,BY,Nuremberg,1,EDDN,EDDN,NUE,,https://www.airport-nuernberg.de/english,https://en.wikipedia.org/wiki/Nuremberg_Airport,Nürnberg,1275,2023-12-04T19:11:26+00:00
3899,KSRQ,large_airport,"Sarasota Bradenton International Airport",27.394631,-82.554359,30,NA,"United States",US,Florida,US-FL,FL,Sarasota/Bradenton,1,KSRQ,KSRQ,SRQ,SRQ,,https://en.wikipedia.org/wiki/Sarasota-Bradenton_International_Airport,,1000,2024-04-03T01:12:00+00:00
4433,LOWS,medium_airport,"Salzburg Airport",47.793301,13.0043,1411,EU,Austria,AT,Salzburg,AT-5,5,Salzburg,1,LOWS,LOWS,SZG,,http://www.salzburg-airport.com/,https://en.wikipedia.org/wiki/Salzburg_Airport,"Christophorus 6",750,2023-10-29T13:13:46+00:00
6243,SPZO,large_airport,"Alejandro Velasco Astete International Airport",-13.535699844400002,-71.9387969971,10860,SA,Peru,PE,"Cuzco Region",PE-CUS,CUS,Cusco,1,SPZO,SPZO,CUZ,,http://www.corpac.gob.pe/,https://en.wikipedia.org/wiki/Alejandro_Velasco_Astete_International_Airport,,1000,2010-09-07T09:49:15+00:00
1968,CYXU,medium_airport,"London Airport",43.035599,-81.1539,912,NA,Canada,CA,Ontario,CA-ON,ON,London,1,CYXU,CYXU,YXU,,http://www.londonairport.on.ca/,https://en.wikipedia.org/wiki/London_International_Airport,,750,2016-02-09T10:45:25+00:00
5212,OJAI,large_airport,"Queen Alia International Airport",31.7226009369,35.9931983948,2395,AS,Jordan,JO,"Amman Governorate",JO-AM,AM,Amman,1,OJAI,OJAI,AMM,,,https://en.wikipedia.org/wiki/Queen_Alia_International_Airport,,1475,2010-09-02T22:02:57+00:00
4386,LJLJ,large_airport,"Ljubljana Jože Pučnik Airport",46.223701,14.4576,1273,EU,Slovenia,SI,"Cerklje na Gorenjskem Municipality",SI-012,012,"Zgornji Brnik",1,LJLJ,LJLJ,LJU,,http://www.lju-airport.si/,https://en.wikipedia.org/wiki/Ljubljana_Jo%C5%BEe_Pu%C4%8Dnik_Airport,"Ljubljana, Kranj",1050,2023-12-03T11:52:01+00:00
3991,LDSP,medium_airport,"Split Airport",43.538898,16.298,79,EU,Croatia,HR,"Split-Dalmatia County",HR-17,17,"Kaštel Štafilić",1,LDSP,LDSP,SPU,,,https://en.wikipedia.org/wiki/Split_Airport,,750,2024-10-30T21:20:40+00:00
3838,KRAP,medium_airport,"Rapid City Regional Airport",44.0452995300293,-103.05699920654297,3204,NA,"United States",US,"South Dakota",US-SD,SD,"Rapid City",1,KRAP,KRAP,RAP,RAP,,https://en.wikipedia.org/wiki/Rapid_City_Regional_Airport,,750,2008-06-13T14:30:04+00:00
2227,EDFH,medium_airport,"Frankfurt-Hahn Airport",49.9487,7.26389,1649,EU,Germany,DE,Rhineland-Palatinate,DE-RP,RP,"Frankfurt am Main (Lautzenhausen)",1,EDFH,EDFH,HHN,,https://www.hahn-airport.de/en/home,https://en.wikipedia.org/wiki/Frankfurt-Hahn_Airport,,750,2024-04-13T01:55:04+00:00
3401,KBFI,medium_airport,"Boeing Field King County International Airport",47.529999,-122.302002,21,NA,"United States",US,Washington,US-WA,WA,Seattle,1,KBFI,KBFI,BFI,BFI,,https://en.wikipedia.org/wiki/Boeing_Field,,750,2021-08-01T10:13:21+00:00
26463,VCBI,large_airport,"Bandaranaike International Colombo Airport",7.180759906768799,79.88410186767578,30,AS,"Sri Lanka",LK,"Western Province",LK-1,1,Colombo,1,VCBI,VCBI,CMB,,http://www.airport.lk/,https://en.wikipedia.org/wiki/Bandaranaike_International_Airport,"RAF Negombo, Katunayake International Airport",1275,2009-08-26T21:30:39+00:00
2418,EGGP,medium_airport,"Liverpool John Lennon Airport",53.333599,-2.84972,80,EU,"United Kingdom",GB,England,GB-ENG,ENG,Liverpool,1,EGGP,EGGP,LPL,,http://www.liverpoolairport.com/,https://en.wikipedia.org/wiki/Liverpool_John_Lennon_Airport,,750,2022-11-17T17:48:31+00:00
3920,KTEB,medium_airport,"Teterboro Airport",40.850101,-74.060799,9,NA,"United States",US,"New Jersey",US-NJ,NJ,Teterboro,1,KTEB,KTEB,TEB,TEB,http://www.teb.com/,https://en.wikipedia.org/wiki/Teterboro_Airport,"Manhattan, New York City, NYC",600,2024-04-03T16:27:24+00:00
6467,UKBB,large_airport,"Boryspil International Airport",50.345001,30.894699,427,EU,Ukraine,UA,"Kyiv Oblast",UA-32,32,Boryspil,1,UKBB,UKBB,KBP,,https://kbp.aero/en/,https://en.wikipedia.org/wiki/Boryspil_International_Airport,"Borispol, Міжнародний аеропорт ""Бориспіль"", Kyiv",1600,2022-11-20T09:05:31+00:00
4010,LEGE,medium_airport,"Girona-Costa Brava Airport",41.904639,2.761774,468,EU,Spain,ES,Catalonia,ES-CT,CT,Girona,1,LEGE,LEGE,GRO,,https://www.aena.es/en/girona-costa-brava.html,https://en.wikipedia.org/wiki/Girona-Costa_Brava_Airport,"Girona, Costa Brava, Girona-Costa Brava",750,2024-06-08T08:10:32+00:00
1763,CYHM,medium_airport,"John C. Munro Hamilton International Airport",43.173599243199995,-79.93499755859999,780,NA,Canada,CA,Ontario,CA-ON,ON,Hamilton,1,CYHM,CYHM,YHM,,http://www.flyhi.ca/,https://en.wikipedia.org/wiki/Hamilton/John_C._Munro_International_Airport,"Mount Hope Airport",750,2010-09-15T17:25:50+00:00
5242,OOMS,large_airport,"Muscat International Airport",23.5933,58.284401,48,AS,Oman,OM,"Masqat Governorate",OM-MA,MA,Muscat,1,OOMS,OOMS,MCT,,https://www.muscatairport.co.om/,https://en.wikipedia.org/wiki/Seeb_International_Airport,"Seeb International Airport, Masqat",1275,2024-04-29T19:24:50+00:00
301881,EDDB,large_airport,"Berlin Brandenburg Airport",52.362247,13.500672,157,EU,Germany,DE,Brandenburg,DE-BR,BR,Berlin,1,EDDB,EDDB,BER,,https://ber.berlin-airport.de/,https://en.wikipedia.org/wiki/Berlin_Brandenburg_Airport,,1000,2023-01-31T09:09:23+00:00
3387,KAVL,medium_airport,"Asheville Regional Airport",35.436199,-82.541801,2165,NA,"United States",US,"North Carolina",US-NC,NC,Asheville,1,KAVL,KAVL,AVL,AVL,,https://en.wikipedia.org/wiki/Asheville_Regional_Airport,,750,2021-08-01T09:49:00+00:00
3705,KMRY,medium_airport,"Monterey Peninsula Airport",36.58700180053711,-121.84300231933594,257,NA,"United States",US,California,US-CA,CA,Monterey,1,KMRY,KMRY,MRY,MRY,,https://en.wikipedia.org/wiki/Monterey_Peninsula_Airport,,750,2008-06-13T14:30:04+00:00
27194,ZGGG,large_airport,"Guangzhou Baiyun International Airport",23.392401,113.299004,50,AS,China,CN,"Guangdong Province",CN-44,44,"Guangzhou (Huadu)",1,ZGGG,ZGGG,CAN,,http://www.baiyunairport.com/english/index.jsp,https://en.wikipedia.org/wiki/Guangzhou_Baiyun_International_Airport,,51575,2021-05-14T18:19:51+00:00
2385,EGAA,large_airport,"Belfast International Airport",54.6575012207,-6.2158298492399995,268,EU,"United Kingdom",GB,"Northern Ireland",GB-NIR,NIR,Belfast,1,EGAA,EGAA,BFS,,http://www.belfastairport.com/,https://en.wikipedia.org/wiki/Belfast_International_Airport,"Aldergrove, RAF Aldergrove",1275,2012-11-16T11:54:24+00:00
26647,VTCC,large_airport,"Chiang Mai International Airport",18.766799926799997,98.962600708,1036,AS,Thailand,TH,"Chiang Mai Province",TH-50,50,"Chiang Mai",1,VTCC,VTCC,CNX,,,https://en.wikipedia.org/wiki/Chiang_Mai_International_Airport,,1050,2010-09-01T19:15:28+00:00
26618,VOMM,large_airport,"Chennai International Airport",12.990005,80.169296,52,AS,India,IN,"Tamil Nadu",IN-TN,TN,Chennai,1,VOMM,VOMM,MAA,,,https://en.wikipedia.org/wiki/Chennai_International_Airport,Madras,51150,2022-09-09T12:28:58+00:00
2133,DTTA,large_airport,"Tunis Carthage International Airport",36.851002,10.2272,22,AF,Tunisia,TN,"Tunis Governorate",TN-11,11,Tunis,1,DTTA,DTTA,TUN,,http://www.oaca.nat.tn/english/div_horizontal_tunis_airport_eng.htm,https://en.wikipedia.org/wiki/Tunis-Carthage_International_Airport,"Aéroport international de Tunis-Carthage, مطار تونس قرطاج الدولي",1275,2022-09-13T13:38:08+00:00
2766,EYVI,large_airport,"Vilnius International Airport",54.634102,25.285801,648,EU,Lithuania,LT,"Vilnius County",LT-VL,VL,Vilnius,1,EYVI,EYVI,VNO,,http://www.vilnius-airport.lt/en/,https://en.wikipedia.org/wiki/Vilnius_International_Airport,,1275,2018-08-10T06:57:32+00:00
3478,KDAB,medium_airport,"Daytona Beach International Airport",29.179899,-81.058098,34,NA,"United States",US,Florida,US-FL,FL,"Daytona Beach",1,KDAB,KDAB,DAB,DAB,,https://en.wikipedia.org/wiki/Daytona_Beach_International_Airport,,750,2021-08-01T05:30:32+00:00
27225,ZSSS,large_airport,"Shanghai Hongqiao International Airport",31.198104,121.33426,10,AS,China,CN,"Shanghai Municipality",CN-31,31,"Shanghai (Minhang)",1,ZSSS,ZSSS,SHA,,,https://en.wikipedia.org/wiki/Shanghai_Hongqiao_International_Airport,,1016175,2021-05-14T18:24:55+00:00
3775,KPIE,medium_airport,"St. Petersburg Clearwater International Airport",27.9102,-82.687401,11,NA,"United States",US,Florida,US-FL,FL,"Pinellas Park",1,KPIE,KPIE,PIE,PIE,,https://en.wikipedia.org/wiki/St._Petersburg-Clearwater_International_Airport,,750,2022-10-27T15:35:40+00:00
4750,MMSD,large_airport,"Los Cabos International Airport",23.151919,-109.720731,374,NA,Mexico,MX,"Baja California Sur",MX-BCS,BCS,"San José del Cabo",1,MMSD,MMSD,SJD,,https://www.loscabosairport.com/,https://en.wikipedia.org/wiki/Los_Cabos_International_Airport,,1150,2024-12-17T10:30:45+00:00
4013,LEIB,large_airport,"Ibiza Airport",38.872898,1.37312,24,EU,Spain,ES,"Islas Baleares",ES-IB,IB,"Ibiza (Eivissa)",1,LEIB,LEIB,IBZ,,https://www.aena.es/en/ibiza.html,https://en.wikipedia.org/wiki/Ibiza_Airport,,1050,2022-09-09T19:44:25+00:00
2448,EGNT,medium_airport,"Newcastle International Airport",55.037958,-1.689577,266,EU,"United Kingdom",GB,England,GB-ENG,ENG,"Newcastle upon Tyne, Tyne and Wear",1,EGNT,EGNT,NCL,,http://www.newcastleairport.com/,https://en.wikipedia.org/wiki/Newcastle_International_Airport,,750,2024-11-19T11:05:39+00:00
3876,KSFB,large_airport,"Orlando Sanford International Airport",28.777599334716797,-81.23750305175781,55,NA,"United States",US,Florida,US-FL,FL,Orlando,1,KSFB,KSFB,SFB,SFB,,https://en.wikipedia.org/wiki/Orlando_Sanford_International_Airport,,1275,2008-06-13T14:30:04+00:00
4293,LGTS,large_airport,"Thessaloniki Macedonia International Airport",40.51928,22.970009,22,EU,Greece,GR,"Central Macedonia",GR-B,B,Thessaloniki,1,LGTS,LGTS,SKG,,https://www.skg-airport.gr/en,https://en.wikipedia.org/wiki/Thessaloniki_Airport,"Makedonia. Macedonia. Salonica",1275,2025-02-24T19:11:11+00:00
3405,KBGR,medium_airport,"Bangor International Airport",44.8074,-68.828102,192,NA,"United States",US,Maine,US-ME,ME,Bangor,1,KBGR,KBGR,BGR,BGR,,https://en.wikipedia.org/wiki/Bangor_International_Airport,,750,2021-11-21T15:05:48+00:00
5771,SABE,large_airport,"Jorge Newbery Airpark",-34.5592,-58.4156,18,SA,Argentina,AR,"Buenos Aires (Autonomous City)",AR-C,C,"Buenos Aires",1,SABE,SABE,AEP,AER,,https://en.wikipedia.org/wiki/Aeroparque_Jorge_Newbery,,1050,2021-10-07T15:55:36+00:00
2450,EGNX,medium_airport,"East Midlands Airport",52.8311,-1.32806,306,EU,"United Kingdom",GB,England,GB-ENG,ENG,Nottingham,1,EGNX,EGNX,EMA,,http://www.eastmidlandsairport.com/,https://en.wikipedia.org/wiki/East_Midlands_Airport,"RAF Castle Donington",750,2023-12-04T20:18:36+00:00
2602,ENZV,large_airport,"Stavanger Airport, Sola",58.876701,5.63778,29,EU,Norway,NO,Rogaland,NO-11,11,Stavanger,1,ENZV,ENZV,SVG,,http://www.avinor.no/en/airport/stavanger/,"https://en.wikipedia.org/wiki/Stavanger_Airport,_Sola","Sola Air Station, Stavanger lufthavn, Sola",1475,2021-10-02T10:37:23+00:00
2601,ENVA,large_airport,"Trondheim Airport, Værnes",63.457802,10.924,56,EU,Norway,NO,Trøndelag,NO-50,50,Trondheim,1,ENVA,ENVA,TRD,,https://avinor.no/en/airport/trondheim-airport/,https://en.wikipedia.org/wiki/Trondheim_Airport%2C_V%C3%A6rnes,,1275,2021-10-02T10:42:30+00:00
3439,KCAK,medium_airport,"Akron Canton Regional Airport",40.916099548339844,-81.44219970703125,1228,NA,"United States",US,Ohio,US-OH,OH,Akron,1,KCAK,KCAK,CAK,CAK,,https://en.wikipedia.org/wiki/Akron-Canton_Regional_Airport,,750,2008-06-13T14:30:04+00:00
3438,KCAE,medium_airport,"Columbia Metropolitan Airport",33.938801,-81.119499,236,NA,"United States",US,"South Carolina",US-SC,SC,Columbia,1,KCAE,KCAE,CAE,CAE,,https://en.wikipedia.org/wiki/Columbia_Metropolitan_Airport,,750,2021-11-20T16:26:07+00:00
21321,KVGT,medium_airport,"North Las Vegas Metropolitan International Airport",36.210701,-115.194,2205,NA,"United States",US,Nevada,US-NV,NV,"Las Vegas",0,KVGT,KVGT,VGT,VGT,http://www.vgt.aero/index.html,https://en.wikipedia.org/wiki/North_Las_Vegas_Airport,"Northtown Airport, Las Vegas North Air Terminal",250,2021-11-21T15:04:52+00:00
4060,LFBD,large_airport,"Bordeaux-Mérignac Airport",44.8283,-0.715556,162,EU,France,FR,Nouvelle-Aquitaine,FR-NAQ,NAQ,Bordeaux/Mérignac,1,LFBD,LFBD,BOD,,https://www.bordeaux.aeroport.fr/,https://en.wikipedia.org/wiki/Bordeaux%E2%80%93M%C3%A9rignac_Airport,,1275,2020-11-11T08:55:06+00:00
4318,LICC,large_airport,"Catania-Fontanarossa Airport",37.466801,15.0664,39,EU,Italy,IT,Sicily,IT-82,82,Catania,1,LICC,LICC,CTA,CT03,http://www.aeroporto.catania.it/,https://en.wikipedia.org/wiki/Catania-Fontanarossa_Airport,"Lanza Di Trabie, Catania-Fontanarossa Vincenzo Bellini",1050,2016-10-01T09:34:41+00:00
3449,KCHO,medium_airport,"Charlottesville Albemarle Airport",38.13859939575195,-78.4529037475586,639,NA,"United States",US,Virginia,US-VA,VA,Charlottesville,1,KCHO,KCHO,CHO,CHO,,https://en.wikipedia.org/wiki/Charlottesville-Albemarle_Airport,,750,2008-06-13T14:30:04+00:00
3672,KMDT,medium_airport,"Harrisburg International Airport",40.193501,-76.763397,310,NA,"United States",US,Pennsylvania,US-PA,PA,Harrisburg,1,KMDT,KMDT,MDT,MDT,http://www.flyhia.com/,https://en.wikipedia.org/wiki/Harrisburg_International_Airport,"Harrisburg, Lancaster, York, HIA, Middletown",750,2022-11-28T10:27:39+00:00
3618,KJAC,medium_airport,"Jackson Hole Airport",43.6072998046875,-110.73799896240234,6451,NA,"United States",US,Wyoming,US-WY,WY,Jackson,1,KJAC,KJAC,JAC,JAC,,https://en.wikipedia.org/wiki/Jackson_Hole_Airport,,750,2008-06-13T14:30:04+00:00
